position,mean_abs_bind,n_mutants,PR,in_RBM
333,0.06421052631578948,19,0.27726479576485935,False
334,0.08736842105263158,19,0.29125157624687714,False
335,0.037368421052631585,19,0.34295927683535965,False
336,0.7063157894736841,19,0.4064691211048396,False
337,0.19736842105263158,19,0.43962811969968957,False
338,0.8052631578947369,19,0.4999597438444984,False
339,0.10263157894736842,19,0.4646004689310521,False
340,0.26842105263157895,19,0.4626646990993595,False
341,0.8126315789473685,19,0.5346682537132248,False
342,1.046842105263158,19,0.5515376515490377,False
343,0.51,19,0.49256932798047465,False
344,0.4257894736842105,19,0.4847531401921726,False
345,0.27473684210526317,19,0.4702456387701542,False
346,0.06052631578947369,19,0.5078453255024674,False
347,1.051578947368421,19,0.5558667575194141,False
348,0.24526315789473685,19,0.55856888568023,False
349,1.1521052631578945,19,0.5556145550242629,False
350,2.906315789473684,19,0.5880688573947186,False
351,1.055263157894737,19,0.5470157309611362,False
352,0.3352631578947369,19,0.5446068508997597,False
353,1.6036842105263158,19,0.5804561954355374,False
354,0.25684210526315787,19,0.5740089225805813,False
355,2.067894736842105,19,0.567263907893687,False
356,0.40157894736842104,19,0.5334339247547247,False
357,0.08421052631578947,19,0.4908871195606697,False
358,0.7310526315789475,19,0.46259099821182714,False
359,0.08526315789473686,19,0.38932315970180853,False
360,0.26526315789473687,19,0.33047878693230726,False
361,0.6326315789473685,19,0.33401860088966034,False
362,0.08526315789473685,19,0.3431007933098179,False
363,0.24,19,0.4120843536880176,False
364,0.5652631578947368,19,0.4043556712209595,False
365,0.3494736842105263,19,0.45106633697413007,False
366,0.09842105263157895,19,0.3898431015246404,False
367,0.04368421052631579,19,0.396385432270032,False
368,0.7289473684210527,19,0.4715981167535545,False
369,0.06421052631578948,19,0.4412534009686361,False
370,0.1536842105263158,19,0.37146904939123526,False
371,0.11894736842105265,19,0.39669525276763246,False
372,0.11052631578947371,19,0.3917303602783052,False
373,0.08421052631578949,19,0.4453190194426327,False
374,0.30736842105263157,19,0.4856004192506017,False
375,0.31473684210526315,19,0.48910121847081744,False
376,0.22421052631578947,19,0.522382867089189,False
377,0.8826315789473682,19,0.5229717425105688,False
378,0.4042105263157894,19,0.5163477415275826,False
379,2.3563157894736846,19,0.4933004394802291,False
380,1.5626315789473684,19,0.4687959336301731,False
381,0.5121052631578946,19,0.42780571564529135,False
382,0.3542105263157895,19,0.40707153134954915,False
383,0.06894736842105263,19,0.3930574271000789,False
384,0.060000000000000005,19,0.4239037086608441,False
385,0.04315789473684211,19,0.3575073364139444,False
386,0.11105263157894736,19,0.3379961717467472,False
387,0.5031578947368421,19,0.3912039788595466,False
388,0.15894736842105264,19,0.3707676334606018,False
389,0.13473684210526315,19,0.3284500757844745,False
390,0.10210526315789474,19,0.3562363781600792,False
391,0.09736842105263159,19,0.3543589529784443,False
392,0.14210526315789473,19,0.37549308738111503,False
393,0.09789473684210527,19,0.3429209206540169,False
394,0.06263157894736844,19,0.4180902330848483,False
395,0.6705263157894736,19,0.48988624075532566,False
396,0.5152631578947368,19,0.5389691979465765,False
397,1.4885714285714282,14,0.5815461633219975,False
398,3.093684210526316,19,0.608139757556607,False
399,0.9836842105263158,19,0.6127773990802833,False
400,4.015789473684211,19,0.6045267013612293,False
401,2.9915789473684207,19,0.5934905857791986,False
402,2.931052631578947,19,0.5899793945056616,False
403,1.5878947368421052,19,0.5262639378997597,False
404,1.8568421052631576,19,0.49289412969514823,False
405,0.3242105263157895,19,0.48370296419805664,False
406,0.9426315789473686,19,0.5408154256439833,False
407,1.6810526315789474,19,0.5693241131056859,False
408,0.09473684210526317,19,0.5344882398991785,False
409,0.933157894736842,19,0.5311415824895523,False
410,3.5063157894736845,19,0.5903299884417985,False
411,0.6489473684210526,19,0.5377426291775202,False
412,2.068947368421053,19,0.472082461294633,False
413,0.4410526315789474,19,0.43303853438051204,False
414,0.26631578947368423,19,0.45479677730260537,False
415,0.11526315789473685,19,0.4494014890474953,False
416,2.5878947368421055,19,0.47774976073475567,False
417,0.3910526315789474,19,0.5070430455908972,False
418,3.148421052631579,19,0.5508383064417146,False
419,1.2547368421052632,19,0.5119176229369305,False
420,0.4726315789473685,19,0.46797221137570627,False
421,0.9094736842105262,19,0.49191242831950976,False
422,3.9331578947368424,19,0.5464373826330088,False
423,4.11421052631579,19,0.5808973375236162,False
424,1.3094736842105263,19,0.5294662979040551,False
425,3.2178947368421054,19,0.5330692909226186,False
426,0.8621052631578947,19,0.46600286200520097,False
427,0.07578947368421053,19,0.4177130643855189,False
428,0.1568421052631579,19,0.42533139105658657,False
429,2.995789473684211,19,0.4794391864368179,False
430,0.24578947368421047,19,0.4759947017943839,False
431,4.6021052631578945,19,0.5293543230764642,False
432,3.087894736842105,19,0.5555070773732715,False
433,3.5552631578947373,19,0.5922138774341058,False
434,1.4021052631578945,19,0.5850011037745201,False
435,1.3421052631578945,19,0.572762774162568,False
436,1.1263157894736842,19,0.5279541201368253,False
437,1.5000000000000002,19,0.49304608259088595,True
438,1.8663157894736842,19,0.4820424701682588,True
439,0.7410526315789474,19,0.4177768418621234,True
440,0.04894736842105263,19,0.3983336260727632,True
441,0.19052631578947368,19,0.43112096147156226,True
442,2.8352631578947363,19,0.453643096396134,True
443,1.9310526315789476,19,0.37947565699627994,True
444,0.17157894736842105,19,0.3160433318691353,True
445,0.1168421052631579,19,0.26821470011902593,True
446,0.25789473684210523,19,0.2730289637868015,True
447,1.578421052631579,19,0.31914094384554315,True
448,0.9352631578947368,19,0.3767450354762215,True
449,1.3036842105263158,19,0.4159259904605938,True
450,0.2378947368421053,19,0.4688715218918428,True
451,0.8800000000000001,19,0.5146619375673525,True
452,0.1163157894736842,19,0.5144512411996299,True
453,0.7678947368421053,19,0.5384664296141433,True
454,4.262631578947368,19,0.49945511938161186,True
455,0.8978947368421052,19,0.4753865528301374,True
456,1.7163157894736842,19,0.42954402420608345,True
457,1.9626315789473683,19,0.417414012380294,True
458,0.07421052631578948,19,0.37797221786562113,True
459,0.07263157894736842,19,0.3939674210144547,True
460,0.06842105263157895,19,0.42456837365486394,True
461,2.1257894736842107,19,0.4551427378116427,True
462,0.1,19,0.4497253558288194,True
463,0.518421052631579,19,0.4847663079457274,True
464,0.3373684210526316,19,0.5504478449613939,True
465,0.6047368421052631,19,0.5079132349062868,True
466,0.5447368421052632,19,0.523656281951443,True
467,1.89,19,0.4881383195886645,True
468,0.11894736842105262,19,0.4794915635643559,True
469,0.41210526315789475,19,0.4245956458407102,True
470,0.07736842105263157,19,0.3952660230247219,True
471,0.12000000000000001,19,0.33969098306581447,True
472,0.7947368421052632,19,0.3012466453950143,True
473,1.8215789473684214,19,0.3180136428104791,True
474,0.33315789473684215,19,0.26135013593065987,True
475,1.0173684210526317,19,0.26362964992430843,True
476,1.2594736842105265,19,0.20585937245529592,True
477,0.0636842105263158,19,0.18039432129882702,True
478,0.07526315789473687,19,0.1702813187822057,True
479,0.07578947368421053,19,0.19059014122594842,True
480,3.596315789473684,19,0.20727503060273048,True
481,0.08526315789473686,19,0.19632475730417384,True
482,0.19894736842105268,19,0.23245529698449813,True
483,0.08578947368421053,19,0.22891951811031042,True
484,0.43315789473684213,19,0.24382765180166419,True
485,0.4868421052631579,19,0.2113840625287253,True
486,0.6573684210526315,19,0.20244235819991263,True
487,2.108421052631579,19,0.2252808667731274,True
488,3.8415789473684208,19,0.24347609993656766,True
489,2.7773684210526315,19,0.3069381782649706,True
490,0.06473684210526316,19,0.351480288388835,True
491,2.6757894736842105,19,0.40346298054340873,True
492,1.8705263157894736,19,0.4559866141858313,True
493,0.22736842105263155,19,0.46974310119000584,True
494,0.1905263157894737,19,0.4687373881131257,True
495,1.9257894736842103,19,0.48417959411674255,True
496,1.528421052631579,19,0.4130250871463584,True
497,3.9694736842105263,19,0.4013813817016405,True
498,0.8742105263157894,19,0.3288212121456071,True
499,0.5294736842105263,19,0.3255032339629397,True
500,1.1021052631578947,19,0.30000684824724,True
501,0.7326315789473684,19,0.336879757062642,True
502,4.354736842105263,19,0.3436350005116591,True
503,0.19526315789473683,19,0.39325883750134055,True
504,0.5373684210526315,19,0.41536897660056643,True
505,2.4494736842105267,19,0.4273852403049228,True
506,2.0210526315789474,19,0.4337862499729199,True
507,4.034210526315789,19,0.49965073742998795,True
508,1.0184210526315791,19,0.5419411358920225,False
509,3.8173684210526315,19,0.5838849045494894,False
510,3.028421052631579,19,0.6195610756368212,False
511,2.7526315789473688,19,0.625302891844467,False
512,3.210526315789474,19,0.6242687196126779,False
513,2.695263157894737,19,0.5909072477287707,False
514,0.26105263157894737,19,0.5555012534747479,False
515,0.8363157894736842,19,0.49774462898006655,False
516,0.2142105263157895,19,0.4436274595707164,False
517,0.04789473684210527,19,0.36692638984254916,False
518,0.03052631578947369,19,0.3107375974276385,False
519,0.07157894736842106,19,0.25037003926649326,False
520,0.05789473684210527,19,0.2545583007739155,False
521,0.0931578947368421,19,0.26294449666740327,False
522,0.022631578947368423,19,0.301723689394569,False
523,0.03666666666666667,15,0.32002948222284205,False
524,0.39909090909090916,11,0.3706800172929466,False
525,0.14315789473684212,19,0.3536849887591497,False
526,0.05368421052631579,19,0.3556564155467371,False
