checkpoint,layer_idx,head_idx,baseline_loss,perturbed_loss,delta,elapsed_sec
1000,0,0,4.6371598815917965,4.6377801513671875,-0.00013376070509306235,7.033028841018677
1000,0,3,4.6371598815917965,4.638184452056885,-0.0002209478411895802,7.051983833312988
1000,0,6,4.6371598815917965,4.640640811920166,-0.0007506599766352469,7.0599164962768555
1000,0,9,4.6371598815917965,4.636878261566162,6.073114424036559e-05,7.074334383010864
1000,0,12,4.6371598815917965,4.637559566497803,-8.619174585569661e-05,7.080111265182495
1000,0,15,4.6371598815917965,4.638414821624756,-0.00027062686321019337,7.08968710899353
1000,1,0,4.6371598815917965,4.6412721824646,-0.0008868145541256609,7.094198226928711
1000,1,3,4.6371598815917965,4.641160793304444,-0.0008627935664952246,7.106050968170166
1000,1,6,4.6371598815917965,4.637924404144287,-0.0001648687067110438,7.1071507930755615
1000,1,9,4.6371598815917965,4.643027172088623,-0.0012652767311557133,7.107141017913818
1000,1,12,4.6371598815917965,4.636922779083252,5.113097555367234e-05,7.115538120269775
1000,1,15,4.6371598815917965,4.676627979278565,-0.00851126523444779,7.1231529712677
1000,2,0,4.6371598815917965,4.637739849090576,-0.000125069549808315,7.124940633773804
1000,2,3,4.6371598815917965,4.636970272064209,4.088915034825141e-05,7.1265869140625
1000,2,6,4.6371598815917965,4.63755313873291,-8.480560324752222e-05,7.123597621917725
1000,2,9,4.6371598815917965,4.637566375732422,-8.766015212002483e-05,7.1273581981658936
1000,2,12,4.6371598815917965,4.638847732543946,-0.00036398377352686736,7.125614881515503
1000,2,15,4.6371598815917965,4.639675083160401,-0.0005424013044253511,7.12891149520874
1000,3,0,4.6371598815917965,4.652755718231202,-0.0033632303042463864,7.129905462265015
1000,3,3,4.6371598815917965,4.640731391906738,-0.0007701934818161618,7.128534317016602
1000,3,6,4.6371598815917965,4.6426020431518555,-0.0011735979994269524,7.1291210651397705
1000,3,9,4.6371598815917965,4.637507820129395,-7.503268088288678e-05,7.13087272644043
1000,3,12,4.6371598815917965,4.637634868621826,-0.00010243059160313998,7.129605770111084
1000,3,15,4.6371598815917965,4.654123363494873,-0.0036581619647009286,7.129276275634766
1000,4,0,4.6371598815917965,4.639333362579346,-0.00046870952113974457,7.132167339324951
1000,4,3,4.6371598815917965,4.637260456085205,-2.1688812975247993e-05,7.135983228683472
1000,4,6,4.6371598815917965,4.6413131523132325,-0.000895649670808917,7.134982109069824
1000,4,9,4.6371598815917965,4.6374616622924805,-6.507877847429154e-05,7.132735967636108
1000,4,12,4.6371598815917965,4.637041873931885,2.5448262066591912e-05,7.133979082107544
1000,4,15,4.6371598815917965,4.81543607711792,-0.03844512591291694,7.133715867996216
1000,5,0,4.6371598815917965,4.638424568176269,-0.0002727286996278063,7.132293462753296
1000,5,3,4.6371598815917965,4.6374459648132325,-6.16936290188402e-05,7.136139869689941
1000,5,6,4.6371598815917965,4.640893459320068,-0.000805143196182024,7.133179664611816
1000,5,9,4.6371598815917965,4.649140014648437,-0.002583506577851329,7.131987810134888
1000,5,12,4.6371598815917965,4.638919048309326,-0.00037936296406617206,7.132770776748657
1000,5,15,4.6371598815917965,4.637724494934082,-0.00012175843764338294,7.1350014209747314
1000,6,0,4.6371598815917965,4.637979488372803,-0.0001767475786763967,7.137799501419067
1000,6,3,4.6371598815917965,4.637619953155518,-9.921408264310085e-05,7.133811950683594
1000,6,6,4.6371598815917965,4.643065185546875,-0.0012734743045027714,7.134164094924927
1000,6,9,4.6371598815917965,4.638350410461426,-0.0002567366448492075,7.133579254150391
1000,6,12,4.6371598815917965,4.637171688079834,-2.54606016168633e-06,7.131518840789795
1000,6,15,4.6371598815917965,4.634493598937988,0.0005749818254903823,7.133592128753662
1000,7,0,4.6371598815917965,4.636949691772461,4.5327274603965734e-05,7.135859727859497
1000,7,3,4.6371598815917965,4.749818668365479,-0.024294781644451303,7.132972240447998
1000,7,6,4.6371598815917965,4.636787567138672,8.028932851818403e-05,7.134627103805542
1000,7,9,4.6371598815917965,4.637779178619385,-0.00013355093276966898,7.132082939147949
1000,7,12,4.6371598815917965,4.637222118377686,-1.3421315520391953e-05,7.137967109680176
1000,7,15,4.6371598815917965,4.637542133331299,-8.243229676416115e-05,7.132107257843018
1000,8,0,4.6371598815917965,4.637842426300049,-0.00014719024697889733,7.1355602741241455
1000,8,3,4.6371598815917965,4.638311958312988,-0.0002484444682972563,7.136500597000122
1000,8,6,4.6371598815917965,4.6481258583068845,-0.002364804534478062,7.137190580368042
1000,8,9,4.6371598815917965,4.639796886444092,-0.000568668089871909,7.133939027786255
1000,8,12,4.6371598815917965,4.638409900665283,-0.0002695656620442959,7.13162088394165
1000,8,15,4.6371598815917965,4.63867639541626,-0.00032703505231372815,7.1344709396362305
1000,9,0,4.6371598815917965,4.636927318572998,5.01520380441202e-05,7.133462429046631
1000,9,3,4.6371598815917965,4.639667301177979,-0.000540723125837438,7.135908603668213
1000,9,6,4.6371598815917965,4.637248249053955,-1.9056375974686333e-05,7.138397932052612
1000,9,9,4.6371598815917965,4.63707368850708,1.8587473133900836e-05,7.134705543518066
1000,9,12,4.6371598815917965,4.642119541168213,-0.001069546813795341,7.135021209716797
1000,9,15,4.6371598815917965,4.639702167510986,-0.0005482420240203174,7.1352832317352295
1000,10,0,4.6371598815917965,4.63932731628418,-0.00046740564218791553,7.137857913970947
1000,10,3,4.6371598815917965,4.63775110244751,-0.0001274963276682048,7.1375346183776855
1000,10,6,4.6371598815917965,4.636987266540527,3.7224304461608887e-05,7.133363485336304
1000,10,9,4.6371598815917965,4.640895748138428,-0.0008056367781197132,7.136180639266968
1000,10,12,4.6371598815917965,4.637109470367432,1.0871142175792588e-05,7.138403415679932
1000,10,15,4.6371598815917965,4.63704008102417,2.583490125103205e-05,7.137408256530762
1000,11,0,4.6371598815917965,4.637514266967774,-7.642293667378267e-05,7.133953094482422
1000,11,3,4.6371598815917965,4.637104358673096,1.1973475169862776e-05,7.133342027664185
1000,11,6,4.6371598815917965,4.636870956420898,6.230649325794277e-05,7.139238357543945
1000,11,9,4.6371598815917965,4.6373694801330565,-4.5199765936917724e-05,7.133855581283569
1000,11,12,4.6371598815917965,4.6373026657104495,-3.0791286541530626e-05,7.134765863418579
1000,11,15,4.6371598815917965,4.637212390899658,-1.1323592285500548e-05,7.134897708892822
1000,12,0,4.6371598815917965,4.636599960327149,0.00012074659467110111,7.138802528381348
1000,12,3,4.6371598815917965,4.637231464385986,-1.5436775098937994e-05,7.135771751403809
1000,12,6,4.6371598815917965,4.637045669555664,2.4629738686817458e-05,7.134127616882324
1000,12,9,4.6371598815917965,4.6371903991699215,-6.581092501499914e-06,7.137778997421265
1000,12,12,4.6371598815917965,4.636900272369385,5.598453127364345e-05,7.135262966156006
1000,12,15,4.6371598815917965,4.637036781311036,2.6546481877749064e-05,7.133464813232422
1000,13,0,4.6371598815917965,4.637836780548096,-0.00014597274486613515,7.137951850891113
1000,13,3,4.6371598815917965,4.636836967468262,6.963618503141935e-05,7.135960817337036
1000,13,6,4.6371598815917965,4.63717212677002,-2.6406633663877296e-06,7.133596658706665
1000,13,9,4.6371598815917965,4.63686674118042,6.321550665969713e-05,7.139461517333984
1000,13,12,4.6371598815917965,4.636871700286865,6.214607912816508e-05,7.1327805519104
1000,13,15,4.6371598815917965,4.637196788787842,-7.959008744039765e-06,7.13658881187439
1000,14,0,4.6371598815917965,4.636859645843506,6.47456106661886e-05,7.13479471206665
1000,14,3,4.6371598815917965,4.636825981140137,7.200537833186738e-05,7.134691953659058
1000,14,6,4.6371598815917965,4.637054595947266,2.2704769130059783e-05,7.135730028152466
1000,14,9,4.6371598815917965,4.640626602172851,-0.0007475956554391594,7.136116981506348
1000,14,12,4.6371598815917965,4.6380221557617185,-0.0001859487686299107,7.1343834400177
1000,14,15,4.6371598815917965,4.638007659912109,-0.00018282274969165995,7.138495683670044
1000,15,0,4.6371598815917965,4.637184543609619,-5.31834537784357e-06,7.1347455978393555
1000,15,3,4.6371598815917965,4.636835308074951,6.999403193623437e-05,7.135124683380127
1000,15,6,4.6371598815917965,4.644395732879639,-0.0015604058243854845,7.136822938919067
1000,15,9,4.6371598815917965,4.63693660736084,4.8148918013930194e-05,7.135781764984131
1000,15,12,4.6371598815917965,4.636999492645264,3.4587754278134194e-05,7.135286808013916
1000,15,15,4.6371598815917965,4.636942024230957,4.698077409497525e-05,7.132719993591309
1000,16,0,4.6371598815917965,4.638014888763427,-0.00018438164597796807,7.138028144836426
1000,16,3,4.6371598815917965,4.637239189147949,-1.7102614138303546e-05,7.133892774581909
1000,16,6,4.6371598815917965,4.6372248077392575,-1.400127429695639e-05,7.138205051422119
1000,16,9,4.6371598815917965,4.6373105812072755,-3.249825740906886e-05,7.140885591506958
1000,16,12,4.6371598815917965,4.637104721069336,1.1895324696430449e-05,7.135092735290527
1000,16,15,4.6371598815917965,4.637446746826172,-6.186226951425241e-05,7.133791208267212
1000,17,0,4.6371598815917965,4.637368564605713,-4.500233316188039e-05,7.136193037033081
1000,17,3,4.6371598815917965,4.637076530456543,1.797460889460672e-05,7.134203910827637
1000,17,6,4.6371598815917965,4.639425506591797,-0.0004885803073114838,7.138287782669067
1000,17,9,4.6371598815917965,4.637040386199951,2.576909032614729e-05,7.135719537734985
1000,17,12,4.6371598815917965,4.637160968780518,-2.3445142048851683e-07,7.1394407749176025
1000,17,15,4.6371598815917965,4.636971569061279,4.060945391706025e-05,7.1371870040893555
1000,18,0,4.6371598815917965,4.637238521575927,-1.695865273979493e-05,7.135514497756958
1000,18,3,4.6371598815917965,4.636926689147949,5.028777307699428e-05,7.135108947753906
1000,18,6,4.6371598815917965,4.636749401092529,8.851980732797195e-05,7.132620334625244
1000,18,9,4.6371598815917965,4.63698076248169,3.8626899800860814e-05,7.135968208312988
1000,18,12,4.6371598815917965,4.637120208740234,8.555420251873274e-06,7.13688325881958
1000,18,15,4.6371598815917965,4.637183475494385,-5.08800714026809e-06,7.136761426925659
1000,19,0,4.6371598815917965,4.637242240905762,-1.7760723388491845e-05,7.13509464263916
1000,19,3,4.6371598815917965,4.637692794799805,-0.00011492232780759548,7.137979745864868
1000,19,6,4.6371598815917965,4.637986946105957,-0.00017835583315632051,7.1340436935424805
1000,19,9,4.6371598815917965,4.636950244903565,4.5207992302360726e-05,7.135056972503662
1000,19,12,4.6371598815917965,4.637363357543945,-4.387943425381963e-05,7.135341167449951
1000,19,15,4.6371598815917965,4.63677598953247,8.278603048606314e-05,7.132493495941162
1000,20,0,4.6371598815917965,4.637087993621826,1.550258602382275e-05,7.133066654205322
1000,20,3,4.6371598815917965,4.637168350219727,-1.826253169334777e-06,7.138264894485474
1000,20,6,4.6371598815917965,4.6371940231323245,-7.362597236206257e-06,7.133014917373657
1000,20,9,4.6371598815917965,4.63709924697876,1.307580816374143e-05,7.1357200145721436
1000,20,12,4.6371598815917965,4.637168636322022,-1.8879509114980315e-06,7.136751413345337
1000,20,15,4.6371598815917965,4.637857971191406,-0.00015054249097181053,7.138303756713867
1000,21,0,4.6371598815917965,4.637969436645508,-0.0001745799313337075,7.137152194976807
1000,21,3,4.6371598815917965,4.636984844207763,3.7746678678923106e-05,7.1375017166137695
1000,21,6,4.6371598815917965,4.636302070617676,0.0001849862838514361,7.135714292526245
1000,21,9,4.6371598815917965,4.637233448028565,-1.5864546111550813e-05,7.131426811218262
1000,21,12,4.6371598815917965,4.637181129455566,-4.5820856542229446e-06,7.135224342346191
1000,21,15,4.6371598815917965,4.636484069824219,0.00014573829344564663,7.1327903270721436
1000,22,0,4.6371598815917965,4.637005481719971,3.3296214874661203e-05,7.137290716171265
1000,22,3,4.6371598815917965,4.637682399749756,-0.00011268064317419545,7.133815765380859
1000,22,6,4.6371598815917965,4.637152137756348,1.6699522220870523e-06,7.131871938705444
1000,22,9,4.6371598815917965,4.651272106170654,-0.0030432904922858377,7.134950160980225
1000,22,12,4.6371598815917965,4.633219928741455,0.0008496478342233023,7.1329665184021
1000,22,15,4.6371598815917965,4.637146587371826,2.8668884208586402e-06,7.132371425628662
1000,23,0,4.6371598815917965,4.637433109283447,-5.8921343802491414e-05,7.132282733917236
1000,23,3,4.6371598815917965,4.639923839569092,-0.0005960454346781716,7.135105133056641
1000,23,6,4.6371598815917965,4.636648654937744,0.00011024563894847959,7.133620738983154
1000,23,9,4.6371598815917965,4.648134689331055,-0.0023667089381208288,7.1350226402282715
1000,23,12,4.6371598815917965,4.637335624694824,-3.7898866443066256e-05,7.13755202293396
1000,23,15,4.6371598815917965,4.6392207527160645,-0.0004444252898091946,7.13547945022583
143000,0,0,2.5783690357208253,2.580624942779541,-0.0008749356773457038,7.02627158164978
143000,0,3,2.5783690357208253,2.578970184326172,-0.0002331507231968862,7.0438268184661865
143000,0,6,2.5783690357208253,2.5973922920227053,-0.007378019220030577,7.056731462478638
143000,0,9,2.5783690357208253,2.5796920680999755,-0.0005131276247972539,7.056056499481201
143000,0,12,2.5783690357208253,2.5800353717803954,-0.0006462752369752477,7.059555292129517
143000,0,15,2.5783690357208253,2.584715223312378,-0.002461318571404003,7.059962511062622
143000,1,0,2.5783690357208253,2.5842202377319334,-0.002269342336199874,7.07879376411438
143000,1,3,2.5783690357208253,2.5823848819732667,-0.001557514148209835,7.0735838413238525
143000,1,6,2.5783690357208253,2.582926559448242,-0.0017675994647300595,7.089427471160889
143000,1,9,2.5783690357208253,2.585570116043091,-0.002792881943004074,7.095871925354004
143000,1,12,2.5783690357208253,2.5783854389190672,-6.361850462315711e-06,7.096520662307739
143000,1,15,2.5783690357208253,2.5960577011108397,-0.006860408709907265,7.098370552062988
143000,2,0,2.5783690357208253,2.5985383415222167,-0.007822505437338517,7.104610443115234
143000,2,3,2.5783690357208253,2.5842220306396486,-0.0022700377012505484,7.105204820632935
143000,2,6,2.5783690357208253,2.577793951034546,0.00022304203871209626,7.112565040588379
143000,2,9,2.5783690357208253,2.6770122909545897,-0.038258004912080805,7.111440420150757
143000,2,12,2.5783690357208253,2.57891450881958,-0.00021155741912721898,7.106166839599609
143000,2,15,2.5783690357208253,2.582009811401367,-0.001412045998886287,7.110162973403931
143000,3,0,2.5783690357208253,2.582495803833008,-0.0016005343125868301,7.111783027648926
143000,3,3,2.5783690357208253,2.582566499710083,-0.0016279531483297611,7.113129377365112
143000,3,6,2.5783690357208253,2.5801301765441895,-0.0006830445133979235,7.119309902191162
143000,3,9,2.5783690357208253,2.5802035236358645,-0.0007114916017156908,7.115333318710327
143000,3,12,2.5783690357208253,2.579311809539795,-0.00036564735532747304,7.1184470653533936
143000,3,15,2.5783690357208253,2.5882781505584718,-0.003843171671845723,7.116431713104248
143000,4,0,2.5783690357208253,2.5786382293701173,-0.00010440462383878747,7.122143268585205
143000,4,3,2.5783690357208253,2.5816064453125,-0.0012556036575150937,7.1208484172821045
143000,4,6,2.5783690357208253,2.5827048015594483,-0.001681592424728606,7.121649503707886
143000,4,9,2.5783690357208253,2.579845790863037,-0.0005727477803807988,7.1212286949157715
143000,4,12,2.5783690357208253,2.5804693794250486,-0.0008146016629602092,7.1194939613342285
143000,4,15,2.5783690357208253,2.6093775463104247,-0.012026405126654214,7.126078128814697
143000,5,0,2.5783690357208253,2.583030309677124,-0.0018078381689048736,7.122689247131348
143000,5,3,2.5783690357208253,2.5837049102783203,-0.0020694766666724362,7.1242516040802
143000,5,6,2.5783690357208253,2.5860022258758546,-0.002960472317685624,7.12392783164978
143000,5,9,2.5783690357208253,2.581916627883911,-0.0013759055100093843,7.121724367141724
143000,5,12,2.5783690357208253,2.5824324607849123,-0.0015759672133011675,7.124141693115234
143000,5,15,2.5783690357208253,2.581401891708374,-0.0011762691629984843,7.121668100357056
143000,6,0,2.5783690357208253,2.5815212726593018,-0.001222570118863989,7.122216463088989
143000,6,3,2.5783690357208253,2.585579195022583,-0.0027964031532600243,7.122131824493408
143000,6,6,2.5783690357208253,2.578367004394531,7.878338073955847e-07,7.128281354904175
143000,6,9,2.5783690357208253,2.5812917232513426,-0.001133541199892742,7.122019052505493
143000,6,12,2.5783690357208253,2.579598455429077,-0.000476820692158184,7.122754096984863
143000,6,15,2.5783690357208253,2.5819242000579834,-0.001378842317722829,7.120551109313965
143000,7,0,2.5783690357208253,2.5816907596588137,-0.0012883043086420365,7.123043775558472
143000,7,3,2.5783690357208253,2.580346174240112,-0.0007668175082369788,7.12137770652771
143000,7,6,2.5783690357208253,2.5847176265716554,-0.00246225065647176,7.125443458557129
143000,7,9,2.5783690357208253,2.579581537246704,-0.0004702591091813367,7.12344765663147
143000,7,12,2.5783690357208253,2.58141619682312,-0.0011818172884017566,7.124296426773071
143000,7,15,2.5783690357208253,2.594714870452881,-0.006339602479551965,7.122243642807007
143000,8,0,2.5783690357208253,2.581361846923828,-0.0011607381106196798,7.123980522155762
143000,8,3,2.5783690357208253,2.5864586639404297,-0.0031374982043029234,7.123815298080444
143000,8,6,2.5783690357208253,2.582958974838257,-0.0017801715168939574,7.123157501220703
143000,8,9,2.5783690357208253,2.584787893295288,-0.002489503048452524,7.126525640487671
143000,8,12,2.5783690357208253,2.5813104724884033,-0.0011408129429213527,7.125572443008423
143000,8,15,2.5783690357208253,2.5836524963378906,-0.00204914833519486,7.122838020324707
143000,9,0,2.5783690357208253,2.586300811767578,-0.0030762764898529396,7.125333547592163
143000,9,3,2.5783690357208253,2.583555383682251,-0.00201148396120715,7.123127222061157
143000,9,6,2.5783690357208253,2.5852258586883545,-0.0026593644557991953,7.122490644454956
143000,9,9,2.5783690357208253,2.5871227741241456,-0.003395068076774753,7.126413583755493
143000,9,12,2.5783690357208253,2.580691862106323,-0.0009008898079821846,7.1271679401397705
143000,9,15,2.5783690357208253,2.585930070877075,-0.0029324875731514626,7.1260621547698975
143000,10,0,2.5783690357208253,2.582141876220703,-0.0014632662926092914,7.122767210006714
143000,10,3,2.5783690357208253,2.5861576843261718,-0.0030207656458180374,7.122546195983887
143000,10,6,2.5783690357208253,2.5822498035430907,-0.0015051250494018198,7.125239372253418
143000,10,9,2.5783690357208253,2.5800494861602785,-0.0006517493873732464,7.124926567077637
143000,10,12,2.5783690357208253,2.5851227951049807,-0.0026193920616438137,7.125107049942017
143000,10,15,2.5783690357208253,2.5858560466766356,-0.002903777873564621,7.1252121925354
143000,11,0,2.5783690357208253,2.58105281829834,-0.0010408838069079062,7.125035524368286
143000,11,3,2.5783690357208253,2.58074782371521,-0.0009225940745598484,7.127817153930664
143000,11,6,2.5783690357208253,2.5816321563720703,-0.001265575488239895,7.124939680099487
143000,11,9,2.5783690357208253,2.5809175682067873,-0.0009884281305951618,7.126971244812012
143000,11,12,2.5783690357208253,2.5820993614196777,-0.001446777263910738,7.123943328857422
143000,11,15,2.5783690357208253,2.589997577667236,-0.004510037851567622,7.123786687850952
143000,12,0,2.5783690357208253,2.5868853664398195,-0.0033029913875820644,7.1260435581207275
143000,12,3,2.5783690357208253,2.5821342945098875,-0.001460325786145488,7.122476577758789
143000,12,6,2.5783690357208253,2.584563694000244,-0.0024025491283822245,7.126525402069092
143000,12,9,2.5783690357208253,2.582084560394287,-0.0014410368034934787,7.130704402923584
143000,12,12,2.5783690357208253,2.5886420440673827,-0.003984304885854105,7.1269214153289795
143000,12,15,2.5783690357208253,2.5791008186340334,-0.0002838162043795631,7.128434419631958
143000,13,0,2.5783690357208253,2.5834172058105467,-0.001957892768561759,7.122636556625366
143000,13,3,2.5783690357208253,2.579110689163208,-0.0002876444109076833,7.12529993057251
143000,13,6,2.5783690357208253,2.579732713699341,-0.0005288916984431267,7.127859354019165
143000,13,9,2.5783690357208253,2.582194309234619,-0.0014836020215874123,7.1272876262664795
143000,13,12,2.5783690357208253,2.5833320903778074,-0.0019248814224122881,7.126740455627441
143000,13,15,2.5783690357208253,2.579320402145386,-0.0003689799293197949,7.127903938293457
143000,14,0,2.5783690357208253,2.581201114654541,-0.001098399373588497,7.1257805824279785
143000,14,3,2.5783690357208253,2.580246686935425,-0.0007282321454324156,7.126546621322632
143000,14,6,2.5783690357208253,2.582030382156372,-0.0014200242032161308,7.12516713142395
143000,14,9,2.5783690357208253,2.582344665527344,-0.0015419165183261294,7.120716571807861
143000,14,12,2.5783690357208253,2.5844756412506102,-0.0023683985671499206,7.125830173492432
143000,14,15,2.5783690357208253,2.589744462966919,-0.0044118693206822365,7.1258323192596436
143000,15,0,2.5783690357208253,2.5827313899993896,-0.0016919045404781136,7.1248273849487305
143000,15,3,2.5783690357208253,2.5803919506072996,-0.0007845715095274506,7.126751899719238
143000,15,6,2.5783690357208253,2.5932716369628905,-0.005779855806365961,7.123925685882568
143000,15,9,2.5783690357208253,2.580268869400024,-0.0007368354385576739,7.127425909042358
143000,15,12,2.5783690357208253,2.5799232292175294,-0.0006027816325639158,7.126467227935791
143000,15,15,2.5783690357208253,2.5806675338745118,-0.0008914542960464354,7.127243757247925
143000,16,0,2.5783690357208253,2.5813875675201414,-0.0011707136400946672,7.122966289520264
143000,16,3,2.5783690357208253,2.584984636306763,-0.002565808266498967,7.128066539764404
143000,16,6,2.5783690357208253,2.5862244033813475,-0.003046642102698886,7.1271116733551025
143000,16,9,2.5783690357208253,2.5792985439300535,-0.00036050239370344995,7.125601768493652
143000,16,12,2.5783690357208253,2.5797371578216555,-0.000530615316068465,7.126918077468872
143000,16,15,2.5783690357208253,2.584972372055054,-0.0025610516736532763,7.126153230667114
143000,17,0,2.5783690357208253,2.5791672801971437,-0.0003095927950031462,7.126596212387085
143000,17,3,2.5783690357208253,2.5875707340240477,-0.0035688057744029983,7.123338222503662
143000,17,6,2.5783690357208253,2.5907229232788085,-0.004791357399515712,7.122985601425171
143000,17,9,2.5783690357208253,2.578878307342529,-0.00019751696310668467,7.12639307975769
143000,17,12,2.5783690357208253,2.5786609268188476,-0.0001132076494785775,7.126624822616577
143000,17,15,2.5783690357208253,2.579993095397949,-0.0006298786770334156,7.122913360595703
143000,18,0,2.5783690357208253,2.579486722946167,-0.0004334861340084746,7.126897573471069
143000,18,3,2.5783690357208253,2.5793509006500246,-0.00038080853267956485,7.125094890594482
143000,18,6,2.5783690357208253,2.5792700958251955,-0.0003494690216516202,7.126178741455078
143000,18,9,2.5783690357208253,2.5822107887268064,-0.0014899934620519063,7.1257617473602295
143000,18,12,2.5783690357208253,2.5859681224822997,-0.002947245586724133,7.126377582550049
143000,18,15,2.5783690357208253,2.5786903381347654,-0.0001246145953076505,7.127045631408691
143000,19,0,2.5783690357208253,2.5868843841552733,-0.0033026104163042767,7.129631519317627
143000,19,3,2.5783690357208253,2.579323959350586,-0.0003703595631700684,7.120676755905151
143000,19,6,2.5783690357208253,2.5804337215423585,-0.0008007720357051095,7.116860866546631
143000,19,9,2.5783690357208253,2.5796839237213134,-0.0005099688920676437,7.1149070262908936
143000,19,12,2.5783690357208253,2.5798627662658693,-0.0005793315558594521,7.118083953857422
143000,19,15,2.5783690357208253,2.578681411743164,-0.00012115256505605674,7.122752666473389
143000,20,0,2.5783690357208253,2.5791703414916993,-0.0003107800938394327,7.120100498199463
143000,20,3,2.5783690357208253,2.5786428451538086,-0.00010619481896885492,7.122476577758789
143000,20,6,2.5783690357208253,2.5788360404968262,-0.0001811241019152111,7.125770092010498
143000,20,9,2.5783690357208253,2.579194450378418,-0.00032013053451900535,7.125142335891724
143000,20,12,2.5783690357208253,2.5794001483917235,-0.0003999088790677734,7.125007390975952
143000,20,15,2.5783690357208253,2.5784440898895262,-2.910916461573267e-05,7.1240198612213135
143000,21,0,2.5783690357208253,2.578830909729004,-0.00017913417427061203,7.122321128845215
143000,21,3,2.5783690357208253,2.5789686489105224,-0.0002325552244034776,7.121276378631592
143000,21,6,2.5783690357208253,2.588641710281372,-0.003984175429594661,7.120685815811157
143000,21,9,2.5783690357208253,2.583767881393433,-0.0020938995146977377,7.1184306144714355
143000,21,12,2.5783690357208253,2.5792462825775146,-0.00034023324223023024,7.124684572219849
143000,21,15,2.5783690357208253,2.578783597946167,-0.00016078467418673167,7.121057510375977
143000,22,0,2.5783690357208253,2.58005841255188,-0.0006552114176248403,7.126617670059204
143000,22,3,2.5783690357208253,2.5786126613616944,-9.448827436798454e-05,7.117568016052246
143000,22,6,2.5783690357208253,2.578581886291504,-8.255240725040424e-05,7.116392612457275
143000,22,9,2.5783690357208253,2.5865405654907225,-0.0031692630716117515,7.118152618408203
143000,22,12,2.5783690357208253,2.581237564086914,-0.0011125359971159386,7.11820125579834
143000,22,15,2.5783690357208253,2.578666534423828,-0.00011538251463661895,7.116320371627808
143000,23,0,2.5783690357208253,2.5784195041656495,-1.9573786422717573e-05,7.123533487319946
143000,23,3,2.5783690357208253,2.578731517791748,-0.0001405857989685994,7.1209716796875
143000,23,6,2.5783690357208253,2.579981651306152,-0.0006254401767107977,7.1163554191589355
143000,23,9,2.5783690357208253,2.5836037731170656,-0.002030251420071369,7.120179176330566
143000,23,12,2.5783690357208253,2.5785352993011474,-6.448401218704592e-05,7.118696212768555
143000,23,15,2.5783690357208253,2.578973159790039,-0.00023430473328063596,7.118936061859131
4000,0,0,3.3120407581329347,3.3121827030181885,-4.285722779987206e-05,7.0392045974731445
4000,0,3,3.3120407581329347,3.3120276355743408,3.9620764212389646e-06,7.060849905014038
4000,0,6,3.3120407581329347,3.316396646499634,-0.0013151675008838673,7.062609910964966
4000,0,9,3.3120407581329347,3.31227668762207,-7.123387251684087e-05,7.0578107833862305
4000,0,12,3.3120407581329347,3.313084955215454,-0.0003152730170833089,7.085317134857178
4000,0,15,3.3120407581329347,3.312491092681885,-0.00013596890311338517,7.088782548904419
4000,1,0,3.3120407581329347,3.317888021469116,-0.0017654563343833017,7.095506906509399
4000,1,3,3.3120407581329347,3.3150116062164305,-0.000896984155826186,7.103123188018799
4000,1,6,3.3120407581329347,3.3127785205841063,-0.00022275162205051232,7.105852365493774
4000,1,9,3.3120407581329347,3.318548545837402,-0.0019648875662194583,7.1104161739349365
4000,1,12,3.3120407581329347,3.3126681327819822,-0.0001894223818070283,7.109755516052246
4000,1,15,3.3120407581329347,3.3386315727233886,-0.008028528793058591,7.111560583114624
4000,2,0,3.3120407581329347,3.3180466651916505,-0.0018133554196058217,7.110255718231201
4000,2,3,3.3120407581329347,3.3193759155273437,-0.002214694181041392,7.1133363246917725
4000,2,6,3.3120407581329347,3.312046241760254,-1.655664202160112e-06,7.116974353790283
4000,2,9,3.3120407581329347,3.3126050853729248,-0.0001703865626062302,7.118894815444946
4000,2,12,3.3120407581329347,3.3133992671966555,-0.0004101728097351442,7.117993116378784
4000,2,15,3.3120407581329347,3.3171330642700196,-0.0015375131252779411,7.1224188804626465
4000,3,0,3.3120407581329347,3.3123579692840575,-9.5775135116854e-05,7.120643138885498
4000,3,3,3.3120407581329347,3.3169384384155274,-0.0014787500034732525,7.119815349578857
4000,3,6,3.3120407581329347,3.311496448516846,0.00016434266841441458,7.124258756637573
4000,3,9,3.3120407581329347,3.31205436706543,-4.1089266373661975e-06,7.126826763153076
4000,3,12,3.3120407581329347,3.3128655052185056,-0.0002490147754207666,7.120878458023071
4000,3,15,3.3120407581329347,3.324071044921875,-0.0036322882680109524,7.120616674423218
4000,4,0,3.3120407581329347,3.3118594551086424,5.4740577647515474e-05,7.12280011177063
4000,4,3,3.3120407581329347,3.3150297451019286,-0.0009024608050653367,7.1221466064453125
4000,4,6,3.3120407581329347,3.3190499782562255,-0.0021162843802809933,7.125924587249756
4000,4,9,3.3120407581329347,3.31165922164917,0.00011519679606238077,7.124040365219116
4000,4,12,3.3120407581329347,3.313041257858276,-0.00030207953295400983,7.128006935119629
4000,4,15,3.3120407581329347,3.388785161972046,-0.02317133436557513,7.121078968048096
4000,5,0,3.3120407581329347,3.315342416763306,-0.000996865338164601,7.125321865081787
4000,5,3,3.3120407581329347,3.3160568618774415,-0.0012125767880860085,7.1265623569488525
4000,5,6,3.3120407581329347,3.320307664871216,-0.0024960160040244967,7.127465724945068
4000,5,9,3.3120407581329347,3.3215079879760743,-0.0028584279405052962,7.125701904296875
4000,5,12,3.3120407581329347,3.3126063346862793,-0.00017076376610273842,7.129792213439941
4000,5,15,3.3120407581329347,3.311655530929565,0.0001163111300558668,7.130578994750977
4000,6,0,3.3120407581329347,3.312939567565918,-0.00027137632010598413,7.130322694778442
4000,6,3,3.3120407581329347,3.3126572227478026,-0.00018612832989874673,7.127885818481445
4000,6,6,3.3120407581329347,3.3120955276489257,-1.653648610948901e-05,7.126240015029907
4000,6,9,3.3120407581329347,3.3127634811401365,-0.0002182107830125826,7.128476142883301
4000,6,12,3.3120407581329347,3.3126855754852294,-0.0001946888336779101,7.129303455352783
4000,6,15,3.3120407581329347,3.315708513259888,-0.0011074003597167817,7.130497932434082
4000,7,0,3.3120407581329347,3.3130294990539553,-0.00029852921302149044,7.1339075565338135
4000,7,3,3.3120407581329347,3.3298543548583983,-0.005378435238673046,7.12913966178894
4000,7,6,3.3120407581329347,3.3131281089782716,-0.0003283023745003081,7.130899429321289
4000,7,9,3.3120407581329347,3.311763219833374,8.379676454133333e-05,7.1326892375946045
4000,7,12,3.3120407581329347,3.311966686248779,2.2364424101291047e-05,7.134118318557739
4000,7,15,3.3120407581329347,3.314749526977539,-0.0008178549246269317,7.131709575653076
4000,8,0,3.3120407581329347,3.3138546752929687,-0.0005476735621624797,7.1293299198150635
4000,8,3,3.3120407581329347,3.312828025817871,-0.00023769867052605634,7.129606246948242
4000,8,6,3.3120407581329347,3.315413999557495,-0.0010184782346886808,7.128728628158569
4000,8,9,3.3120407581329347,3.319477767944336,-0.0022454463439615944,7.135654449462891
4000,8,12,3.3120407581329347,3.3131386756896974,-0.000331492767432492,7.137228965759277
4000,8,15,3.3120407581329347,3.317720708847046,-0.00171493986001341,7.130802869796753
4000,9,0,3.3120407581329347,3.3123097705841062,-8.122256663385682e-05,7.135133981704712
4000,9,3,3.3120407581329347,3.315889358520508,-0.001162002725395988,7.129692554473877
4000,9,6,3.3120407581329347,3.312460632324219,-0.0001267720483974023,7.133364200592041
4000,9,9,3.3120407581329347,3.3158954620361327,-0.0011638455516383656,7.136580944061279
4000,9,12,3.3120407581329347,3.3166315078735353,-0.0013860788788083893,7.13107967376709
4000,9,15,3.3120407581329347,3.3153213024139405,-0.000990490311132246,7.124765634536743
4000,10,0,3.3120407581329347,3.3160346126556397,-0.0012058591105492227,7.121654272079468
4000,10,3,3.3120407581329347,3.312733211517334,-0.0002090715166167285,7.12436580657959
4000,10,6,3.3120407581329347,3.314263734817505,-0.0006711803528116648,7.127503395080566
4000,10,9,3.3120407581329347,3.316716194152832,-0.0014116480929216952,7.124829292297363
4000,10,12,3.3120407581329347,3.3131552600860594,-0.00033650007186292836,7.1278908252716064
4000,10,15,3.3120407581329347,3.3123892974853515,-0.00010523401668922162,7.117511987686157
4000,11,0,3.3120407581329347,3.3125413703918456,-0.0001511491842851155,7.1223530769348145
4000,11,3,3.3120407581329347,3.312395677566528,-0.00010716034599571878,7.119520902633667
4000,11,6,3.3120407581329347,3.3128234004974364,-0.0002363021537642075,7.119477033615112
4000,11,9,3.3120407581329347,3.3127210330963135,-0.00020539450237992582,7.12750244140625
4000,11,12,3.3120407581329347,3.3131685638427735,-0.0003405168571882226,7.121555805206299
4000,11,15,3.3120407581329347,3.3118224430084227,6.591559115811138e-05,7.127594947814941
4000,12,0,3.3120407581329347,3.3133112716674806,-0.00038360443826847566,7.126955986022949
4000,12,3,3.3120407581329347,3.3125890922546386,-0.00016555778196792483,7.126820087432861
4000,12,6,3.3120407581329347,3.3121959400177,-4.68538572130542e-05,7.131802082061768
4000,12,9,3.3120407581329347,3.3123355770111083,-8.901426634003859e-05,7.1309990882873535
4000,12,12,3.3120407581329347,3.3144468116760253,-0.0007264565018357074,7.129260540008545
4000,12,15,3.3120407581329347,3.312635326385498,-0.00017951719075413202,7.130478620529175
4000,13,0,3.3120407581329347,3.3143687438964844,-0.0007028856024289925,7.128785610198975
4000,13,3,3.3120407581329347,3.312162218093872,-3.6672242223808e-05,7.13084602355957
4000,13,6,3.3120407581329347,3.3122340869903564,-5.837152122808107e-05,7.133720874786377
4000,13,9,3.3120407581329347,3.3122204113006593,-5.424243867873684e-05,7.133714914321899
4000,13,12,3.3120407581329347,3.3122538185119628,-6.432903293983763e-05,7.133527040481567
4000,13,15,3.3120407581329347,3.3135281944274904,-0.0004490996346899152,7.131984710693359
4000,14,0,3.3120407581329347,3.3146543407440188,-0.0007891154734935539,7.135533094406128
4000,14,3,3.3120407581329347,3.3119465065002442,2.8457268365149082e-05,7.13263201713562
4000,14,6,3.3120407581329347,3.3149388885498046,-0.000875028608797541,7.133138656616211
4000,14,9,3.3120407581329347,3.3185564613342287,-0.0019672774815026567,7.13760781288147
4000,14,12,3.3120407581329347,3.315450506210327,-0.0010295006391511366,7.138078451156616
4000,14,15,3.3120407581329347,3.3134708976745606,-0.0004318001033393234,7.133566617965698
4000,15,0,3.3120407581329347,3.314467601776123,-0.0007327336287239775,7.136108875274658
4000,15,3,3.3120407581329347,3.316311445236206,-0.0012894427983062137,7.134146213531494
4000,15,6,3.3120407581329347,3.3251566982269285,-0.0039600781064625164,7.133166074752808
4000,15,9,3.3120407581329347,3.3136201095581055,-0.00047685144613409026,7.131242036819458
4000,15,12,3.3120407581329347,3.3121299839019773,-2.6939816131029844e-05,7.135648488998413
4000,15,15,3.3120407581329347,3.313962450027466,-0.000580213842421004,7.134981632232666
4000,16,0,3.3120407581329347,3.3158277320861815,-0.00114339593917968,7.131303310394287
4000,16,3,3.3120407581329347,3.3148766231536864,-0.0008562289017090028,7.13405442237854
4000,16,6,3.3120407581329347,3.3127849769592284,-0.00022470098668506098,7.132741212844849
4000,16,9,3.3120407581329347,3.3121340751647947,-2.8175085596652203e-05,7.132537364959717
4000,16,12,3.3120407581329347,3.3124202823638917,-0.00011458923928549155,7.136632919311523
4000,16,15,3.3120407581329347,3.3142965507507323,-0.0006810884232805005,7.135948896408081
4000,17,0,3.3120407581329347,3.3122918605804443,-7.58150233788607e-05,7.136662006378174
4000,17,3,3.3120407581329347,3.311960849761963,2.412662669548825e-05,7.137045621871948
4000,17,6,3.3120407581329347,3.323030834197998,-0.0033182188468171277,7.140217304229736
4000,17,9,3.3120407581329347,3.3118105792999266,6.949758466676864e-05,7.135128021240234
4000,17,12,3.3120407581329347,3.3120145988464356,7.898238098352943e-06,7.138003826141357
4000,17,15,3.3120407581329347,3.3136816024780273,-0.0004954179205263082,7.136882781982422
4000,18,0,3.3120407581329347,3.312531147003174,-0.00014806245032916338,7.136108636856079
4000,18,3,3.3120407581329347,3.3120526027679444,-3.5762346766443885e-06,7.13746190071106
4000,18,6,3.3120407581329347,3.3118957614898683,4.377864092112784e-05,7.141412973403931
4000,18,9,3.3120407581329347,3.313170337677002,-0.00034105242856488383,7.137117862701416
4000,18,12,3.3120407581329347,3.3136240100860594,-0.00047802912727958383,7.133877754211426
4000,18,15,3.3120407581329347,3.31242036819458,-0.00011461515402948246,7.131234645843506
4000,19,0,3.3120407581329347,3.311836051940918,6.180666452074518e-05,7.136244773864746
4000,19,3,3.3120407581329347,3.3139807891845705,-0.0005857509593962228,7.132979393005371
4000,19,6,3.3120407581329347,3.3118663024902344,5.267315695676988e-05,7.132165193557739
4000,19,9,3.3120407581329347,3.3121741580963135,-4.0277271060516766e-05,7.138053894042969
4000,19,12,3.3120407581329347,3.3122430801391602,-6.108681051967192e-05,7.135849952697754
4000,19,15,3.3120407581329347,3.312169523239136,-3.887787488272855e-05,7.135723352432251
4000,20,0,3.3120407581329347,3.3123707580566406,-9.963643197793466e-05,7.141116380691528
4000,20,3,3.3120407581329347,3.3124820709228517,-0.00013324497557384206,7.1346657276153564
4000,20,6,3.3120407581329347,3.3123040866851805,-7.950643469562855e-05,7.139488935470581
4000,20,9,3.3120407581329347,3.3118611431121825,5.4230921014845174e-05,7.138999938964844
4000,20,12,3.3120407581329347,3.3131390476226805,-0.00033160506465654196,7.136739730834961
4000,20,15,3.3120407581329347,3.3136676216125487,-0.000491196696664758,7.133207321166992
4000,21,0,3.3120407581329347,3.314866247177124,-0.0008530960970969477,7.135692119598389
4000,21,3,3.3120407581329347,3.31201096534729,8.995295595800342e-06,7.138718605041504
4000,21,6,3.3120407581329347,3.3129749202728274,-0.0002820503152319961,7.137948036193848
4000,21,9,3.3120407581329347,3.3130747413635255,-0.0003121891625432962,7.136199474334717
4000,21,12,3.3120407581329347,3.311911745071411,3.895273969889594e-05,7.135140419006348
4000,21,15,3.3120407581329347,3.314139795303345,-0.0006337594624268532,7.139233589172363
4000,22,0,3.3120407581329347,3.3115307521820068,0.00015398540904897675,7.1408467292785645
4000,22,3,3.3120407581329347,3.3130978393554686,-0.0003191631081043199,7.13598370552063
4000,22,6,3.3120407581329347,3.3131660747528078,-0.00033976532961127963,7.138007640838623
4000,22,9,3.3120407581329347,3.3300729274749754,-0.00544442857406313,7.134164810180664
4000,22,12,3.3120407581329347,3.316844787597656,-0.001450474138316308,7.138753175735474
4000,22,15,3.3120407581329347,3.3123937702178954,-0.00010658446279496744,7.133787393569946
4000,23,0,3.3120407581329347,3.3120841693878176,-1.3107101649105936e-05,7.137503623962402
4000,23,3,3.3120407581329347,3.3149896812438966,-0.0008903643784336191,7.139612436294556
4000,23,6,3.3120407581329347,3.311955671310425,2.5690149585576418e-05,7.138299226760864
4000,23,9,3.3120407581329347,3.3227986812591555,-0.0032481252230377637,7.133647680282593
4000,23,12,3.3120407581329347,3.3116884422302246,0.00010637426542683263,7.136497497558594
4000,23,15,3.3120407581329347,3.313050079345703,-0.0003047429927574848,7.134835958480835
8000,0,0,3.063493137359619,3.0637396240234374,-8.045934910458692e-05,7.034886121749878
8000,0,3,3.063493137359619,3.063494234085083,-3.579983419592778e-07,7.055724859237671
8000,0,6,3.063493137359619,3.0690675735473634,-0.0018196339726580433,7.061976432800293
8000,0,9,3.063493137359619,3.064972686767578,-0.0004829615545455786,7.063505411148071
8000,0,12,3.063493137359619,3.0660972118377687,-0.0008500343762461021,7.090566396713257
8000,0,15,3.063493137359619,3.0643577766418457,-0.0002822396667654712,7.088463068008423
8000,1,0,3.063493137359619,3.0706148242950437,-0.0023246949205059353,7.100813150405884
8000,1,3,3.063493137359619,3.067488784790039,-0.0013042782377060999,7.097716331481934
8000,1,6,3.063493137359619,3.065279417037964,-0.000583085908227156,7.103625774383545
8000,1,9,3.063493137359619,3.0720220470428465,-0.002784047262654699,7.107778072357178
8000,1,12,3.063493137359619,3.0640267944335937,-0.00017419888018245467,7.1099693775177
8000,1,15,3.063493137359619,3.0870234394073486,-0.0076808731055327175,7.114073038101196
8000,2,0,3.063493137359619,3.0728243827819823,-0.0030459495105661528,7.115767240524292
8000,2,3,3.063493137359619,3.0692325592041017,-0.001873489375409322,7.122836112976074
8000,2,6,3.063493137359619,3.063341360092163,4.9543857502086824e-05,7.126738548278809
8000,2,9,3.063493137359619,3.0644516563415527,-0.00031288432483964973,7.129045248031616
8000,2,12,3.063493137359619,3.0647979545593262,-0.0004259246360942764,7.129641771316528
8000,2,15,3.063493137359619,3.066312789916992,-0.000920404398164695,7.131165266036987
8000,3,0,3.063493137359619,3.064783296585083,-0.00042113991042784185,7.12975811958313
8000,3,3,3.063493137359619,3.0677074241638183,-0.0013756475419531876,7.12870979309082
8000,3,6,3.063493137359619,3.0628447246551516,0.00021165795887054904,7.134343147277832
8000,3,9,3.063493137359619,3.0631875801086426,9.974145110696383e-05,7.129165172576904
8000,3,12,3.063493137359619,3.0640549945831297,-0.00018340410711509218,7.134033203125
8000,3,15,3.063493137359619,3.074604825973511,-0.0036271302450080842,7.131392478942871
8000,4,0,3.063493137359619,3.063566188812256,-2.384580260550855e-05,7.132420778274536
8000,4,3,3.063493137359619,3.066866512298584,-0.0011011530914910163,7.130758047103882
8000,4,6,3.063493137359619,3.0691520309448244,-0.001847202958020218,7.132250785827637
8000,4,9,3.063493137359619,3.0625335216522216,0.000313242323181609,7.135781288146973
8000,4,12,3.063493137359619,3.064291391372681,-0.0002605698714735088,7.13801908493042
8000,4,15,3.063493137359619,3.105722646713257,-0.013784757288548978,7.135650157928467
8000,5,0,3.063493137359619,3.0676447677612306,-0.0013551949410240316,7.1349101066589355
8000,5,3,3.063493137359619,3.06751220703125,-0.0013119238370793624,7.135156869888306
8000,5,6,3.063493137359619,3.0725393199920656,-0.0029528979589108478,7.13655424118042
8000,5,9,3.063493137359619,3.071445150375366,-0.0025957339087107705,7.133763551712036
8000,5,12,3.063493137359619,3.0644092082977297,-0.0002990282324902429,7.137616157531738
8000,5,15,3.063493137359619,3.0637232303619384,-7.510805214914487e-05,7.138558387756348
8000,6,0,3.063493137359619,3.0649681854248048,-0.0004814922048289775,7.139657258987427
8000,6,3,3.063493137359619,3.065297050476074,-0.0005888418989604398,7.137444972991943
8000,6,6,3.063493137359619,3.0638221168518065,-0.00010738705048022637,7.131565809249878
8000,6,9,3.063493137359619,3.0641086292266846,-0.00020091178255291856,7.131444215774536
8000,6,12,3.063493137359619,3.0639912605285646,-0.0001625997339021043,7.136889219284058
8000,6,15,3.063493137359619,3.0661875438690185,-0.0008795209875096114,7.136573314666748
8000,7,0,3.063493137359619,3.064812307357788,-0.00043060974483067363,7.132806777954102
8000,7,3,3.063493137359619,3.066869812011719,-0.0011022301995460301,7.138603210449219
8000,7,6,3.063493137359619,3.065583543777466,-0.0006823604049750047,7.137799501419067
8000,7,9,3.063493137359619,3.064196186065674,-0.00022949250235984296,7.13633394241333
8000,7,12,3.063493137359619,3.063807907104492,-0.00010274863717971169,7.139660120010376
8000,7,15,3.063493137359619,3.0733195686340333,-0.003207590431517517,7.13520073890686
8000,8,0,3.063493137359619,3.06441255569458,-0.00030012090569050276,7.136223554611206
8000,8,3,3.063493137359619,3.06705548286438,-0.0011628377623300965,7.139695882797241
8000,8,6,3.063493137359619,3.0661582374572753,-0.0008699546492058784,7.14064359664917
8000,8,9,3.063493137359619,3.071216335296631,-0.0025210430024558673,7.1344687938690186
8000,8,12,3.063493137359619,3.065124063491821,-0.0005323746648271363,7.138229608535767
8000,8,15,3.063493137359619,3.068781089782715,-0.0017261185796726146,7.132734298706055
8000,9,0,3.063493137359619,3.063902645111084,-0.0001336734678693303,7.133522272109985
8000,9,3,3.063493137359619,3.0684024333953857,-0.0016025157608147514,7.135360479354858
8000,9,6,3.063493137359619,3.0645593547821046,-0.0003480397620229501,7.136835098266602
8000,9,9,3.063493137359619,3.0686005115509034,-0.0016671733744069517,7.140934467315674
8000,9,12,3.063493137359619,3.0661668491363527,-0.0008727657144478327,7.143529176712036
8000,9,15,3.063493137359619,3.0676046085357664,-0.0013420859756490351,7.139668226242065
8000,10,0,3.063493137359619,3.0661340141296387,-0.0008620475553915578,7.138553619384766
8000,10,3,3.063493137359619,3.065578317642212,-0.0006806544650497098,7.138700008392334
8000,10,6,3.063493137359619,3.0676120567321776,-0.0013445172513455118,7.136972665786743
8000,10,9,3.063493137359619,3.064019594192505,-0.00017184854324163315,7.137595891952515
8000,10,12,3.063493137359619,3.066461524963379,-0.0009689551993964144,7.140618324279785
8000,10,15,3.063493137359619,3.0642052936553954,-0.00023246544511281803,7.138330459594727
8000,11,0,3.063493137359619,3.0640592193603515,-0.0001847831789890644,7.138227462768555
8000,11,3,3.063493137359619,3.0645807933807374,-0.00035503785135154975,7.141683578491211
8000,11,6,3.063493137359619,3.0642623996734617,-0.0002511062631286594,7.140459299087524
8000,11,9,3.063493137359619,3.0641435241699218,-0.00021230235588622068,7.1421544551849365
8000,11,12,3.063493137359619,3.064095401763916,-0.00019659401124559915,7.139676809310913
8000,11,15,3.063493137359619,3.0636904430389404,-6.440545823826076e-05,7.137686729431152
8000,12,0,3.063493137359619,3.0657428455352784,-0.0007343604424060777,7.138142824172974
8000,12,3,3.063493137359619,3.064300594329834,-0.0002635739445171205,7.140707969665527
8000,12,6,3.063493137359619,3.0642425346374513,-0.00024462182359520233,7.137176752090454
8000,12,9,3.063493137359619,3.0638401699066162,-0.00011328001449231157,7.139524936676025
8000,12,12,3.063493137359619,3.068789176940918,-0.0017287584283161397,7.140172004699707
8000,12,15,3.063493137359619,3.063843355178833,-0.00011431976619856153,7.141162633895874
8000,13,0,3.063493137359619,3.0653495025634765,-0.0006059635587946614,7.13962984085083
8000,13,3,3.063493137359619,3.064343137741089,-0.00027746116715716404,7.137088060379028
8000,13,6,3.063493137359619,3.0636820793151855,-6.167533175196182e-05,7.142322540283203
8000,13,9,3.063493137359619,3.063854217529297,-0.00011786550629881639,7.140469074249268
8000,13,12,3.063493137359619,3.0636296558380125,-4.456301100485872e-05,7.137179851531982
8000,13,15,3.063493137359619,3.063958110809326,-0.00015177884488680086,7.141202926635742
8000,14,0,3.063493137359619,3.0654974937438966,-0.0006542715437597047,7.142733335494995
8000,14,3,3.063493137359619,3.063401947021484,2.976678387909426e-05,7.139636278152466
8000,14,6,3.063493137359619,3.066138439178467,-0.0008634920008757945,7.140070915222168
8000,14,9,3.063493137359619,3.0718852996826174,-0.0027394095389524573,7.135894775390625
8000,14,12,3.063493137359619,3.0670291423797607,-0.0011542395760642218,7.137587070465088
8000,14,15,3.063493137359619,3.066362962722778,-0.0009367820440533526,7.143540382385254
8000,15,0,3.063493137359619,3.074730730056763,-0.0036682284546683433,7.1421003341674805
8000,15,3,3.063493137359619,3.0661729621887206,-0.0008747611660756861,7.141933441162109
8000,15,6,3.063493137359619,3.0767263317108156,-0.004319642237750211,7.136103391647339
8000,15,9,3.063493137359619,3.064719543457031,-0.0004003293111565817,7.1387856006622314
8000,15,12,3.063493137359619,3.0635811042785646,-2.8714580056589614e-05,7.139424800872803
8000,15,15,3.063493137359619,3.0644589138031004,-0.00031525333995485326,7.134291648864746
8000,16,0,3.063493137359619,3.0652003955841063,-0.0005572913494295315,7.137090682983398
8000,16,3,3.063493137359619,3.0652253818511963,-0.0005654474855688006,7.136450529098511
8000,16,6,3.063493137359619,3.0665067768096925,-0.0009837265222898144,7.132038116455078
8000,16,9,3.063493137359619,3.063697452545166,-6.669353459795392e-05,7.130297660827637
8000,16,12,3.063493137359619,3.0639892578125,-0.00016194599779931413,7.135161876678467
8000,16,15,3.063493137359619,3.0667299938201906,-0.0010565900804861575,7.138381242752075
8000,17,0,3.063493137359619,3.0638183689117433,-0.00010616363005943749,7.1344122886657715
8000,17,3,3.063493137359619,3.063541374206543,-1.5745700989385546e-05,7.132319927215576
8000,17,6,3.063493137359619,3.072834806442261,-0.0030493520513296237,7.125685214996338
8000,17,9,3.063493137359619,3.06354660987854,-1.745475394381652e-05,7.1347362995147705
8000,17,12,3.063493137359619,3.0635508060455323,-1.8824486730525257e-05,7.1317291259765625
8000,17,15,3.063493137359619,3.064607496261597,-0.0003637543327216989,7.1349358558654785
8000,18,0,3.063493137359619,3.064008903503418,-0.0001683588376645243,7.1289873123168945
8000,18,3,3.063493137359619,3.0636719703674316,-5.83755209475192e-05,7.133875846862793
8000,18,6,3.063493137359619,3.063452138900757,1.3382911932164387e-05,7.137904167175293
8000,18,9,3.063493137359619,3.0650869846343993,-0.0005202712078389069,7.135858774185181
8000,18,12,3.063493137359619,3.069998235702515,-0.0021234251396112023,7.136450529098511
8000,18,15,3.063493137359619,3.0638221740722655,-0.00010740572865460838,7.139422178268433
8000,19,0,3.063493137359619,3.063632869720459,-4.561210179837218e-05,7.138287305831909
8000,19,3,3.063493137359619,3.0653981590270996,-0.0006218462330627034,7.135065078735352
8000,19,6,3.063493137359619,3.0638765144348143,-0.00012514376824285616,7.142171859741211
8000,19,9,3.063493137359619,3.0637822723388672,-9.438081506440326e-05,7.134967803955078
8000,19,12,3.063493137359619,3.0637467288970948,-8.277855575491675e-05,7.134759426116943
8000,19,15,3.063493137359619,3.0637356090545653,-7.914876387001537e-05,7.136705160140991
8000,20,0,3.063493137359619,3.0636682319641113,-5.715521355572151e-05,7.1364967823028564
8000,20,3,3.063493137359619,3.0640751457214357,-0.0001899819375206042,7.131139516830444
8000,20,6,3.063493137359619,3.063907527923584,-0.00013526733874847808,7.134995222091675
8000,20,9,3.063493137359619,3.063442440032959,1.654886248694181e-05,7.136284112930298
8000,20,12,3.063493137359619,3.064718494415283,-0.0003999868779598683,7.13651967048645
8000,20,15,3.063493137359619,3.0647690868377686,-0.0004165014971273272,7.137194395065308
8000,21,0,3.063493137359619,3.06598388671875,-0.000813042251916978,7.13738751411438
8000,21,3,3.063493137359619,3.0634453010559084,1.5614953768711538e-05,7.139523983001709
8000,21,6,3.063493137359619,3.0638135147094725,-0.00010457909826740822,7.135750770568848
8000,21,9,3.063493137359619,3.064511604309082,-0.0003324528255155941,7.138971567153931
8000,21,12,3.063493137359619,3.0636157512664797,-4.0024214634381376e-05,7.138837099075317
8000,21,15,3.063493137359619,3.06485463142395,-0.0004444253678023253,7.138046503067017
8000,22,0,3.063493137359619,3.0638772583007814,-0.0001253865845096772,7.136310338973999
8000,22,3,3.063493137359619,3.064513912200928,-0.0003332061785484216,7.137240409851074
8000,22,6,3.063493137359619,3.064604539871216,-0.000362789293712832,7.140155076980591
8000,22,9,3.063493137359619,3.076453695297241,-0.004230646962960878,7.13982081413269
8000,22,12,3.063493137359619,3.0690234756469725,-0.0018052393262809844,7.138906002044678
8000,22,15,3.063493137359619,3.063980083465576,-0.00015895126384282094,7.139036178588867
8000,23,0,3.063493137359619,3.063831443786621,-0.00011043159290173823,7.13823390007019
8000,23,3,3.063493137359619,3.064816017150879,-0.00043182071313535277,7.1408233642578125
8000,23,6,3.063493137359619,3.063406591415405,2.8250738726465665e-05,7.139427185058594
8000,23,9,3.063493137359619,3.0716427612304686,-0.0026602389838789237,7.141545295715332
8000,23,12,3.063493137359619,3.0632629013061523,7.515474758502739e-05,7.139644622802734
8000,23,15,3.063493137359619,3.063784875869751,-9.523067199798701e-05,7.137255907058716
2000,0,0,3.7679902362823485,3.767748317718506,6.420360687595332e-05,7.040045499801636
2000,0,3,3.7679902362823485,3.7679097843170166,2.1351426168047628e-05,7.052356004714966
2000,0,6,3.7679902362823485,3.771599740982056,-0.0009579389736605625,7.061361074447632
2000,0,9,3.7679902362823485,3.7680309200286866,-1.0797200572943354e-05,7.0646891593933105
2000,0,12,3.7679902362823485,3.7693622303009033,-0.00036411825204421886,7.078370809555054
2000,0,15,3.7679902362823485,3.768490571975708,-0.00013278582532983175,7.092200756072998
2000,1,0,3.7679902362823485,3.7738514614105223,-0.0015555308694102925,7.09619665145874
2000,1,3,3.7679902362823485,3.7718738460540773,-0.001030684669597359,7.098071098327637
2000,1,6,3.7679902362823485,3.7688758182525635,-0.0002350276711673976,7.102915525436401
2000,1,9,3.7679902362823485,3.775689287185669,-0.002043277827311077,7.108867645263672
2000,1,12,3.7679902362823485,3.768076810836792,-2.2976321331720335e-05,7.107333183288574
2000,1,15,3.7679902362823485,3.8070634269714354,-0.01036976962223715,7.119348049163818
2000,2,0,3.7679902362823485,3.769743537902832,-0.0004653147992797009,7.124702453613281
2000,2,3,3.7679902362823485,3.772951850891113,-0.0013167801129070524,7.1242148876190186
2000,2,6,3.7679902362823485,3.7678515243530275,3.681324011547371e-05,7.127373933792114
2000,2,9,3.7679902362823485,3.7681898021698,-5.2963483166639674e-05,7.126058101654053
2000,2,12,3.7679902362823485,3.7702367210388186,-0.0005962023825960119,7.128888368606567
2000,2,15,3.7679902362823485,3.7727864360809327,-0.001272880102607768,7.128340005874634
2000,3,0,3.7679902362823485,3.7669455337524416,0.00027725722849476005,7.129562854766846
2000,3,3,3.7679902362823485,3.773911256790161,-0.0015714001726433724,7.132103204727173
2000,3,6,3.7679902362823485,3.7663661098480223,0.00043103254851547027,7.1325461864471436
2000,3,9,3.7679902362823485,3.7685441970825195,-0.0001470175784525294,7.132009506225586
2000,3,12,3.7679902362823485,3.7691504192352294,-0.00030790497855046945,7.135884523391724
2000,3,15,3.7679902362823485,3.788816452026367,-0.005527141642640414,7.136926651000977
2000,4,0,3.7679902362823485,3.7681654357910155,-4.649680537384183e-05,7.1299147605896
2000,4,3,3.7679902362823485,3.770843048095703,-0.000757117623576784,7.136497974395752
2000,4,6,3.7679902362823485,3.7776588344573976,-0.002565982810132886,7.13250994682312
2000,4,9,3.7679902362823485,3.7682719230651855,-7.475783247117547e-05,7.136465311050415
2000,4,12,3.7679902362823485,3.768714437484741,-0.00019219826936361643,7.1375508308410645
2000,4,15,3.7679902362823485,3.8876137161254882,-0.03174729029053033,7.132822751998901
2000,5,0,3.7679902362823485,3.771246976852417,-0.0008643176775536282,7.135362863540649
2000,5,3,3.7679902362823485,3.7710531902313233,-0.0008128879739340452,7.134488582611084
2000,5,6,3.7679902362823485,3.776245603561401,-0.0021909205601333263,7.137462854385376
2000,5,9,3.7679902362823485,3.7821639728546144,-0.0037616171177370723,7.136176824569702
2000,5,12,3.7679902362823485,3.7685920906066896,-0.00015972820697511577,7.140012502670288
2000,5,15,3.7679902362823485,3.76845085144043,-0.00012224425468143713,7.137274742126465
2000,6,0,3.7679902362823485,3.7682693576812745,-7.407699633567351e-05,7.135541915893555
2000,6,3,3.7679902362823485,3.768475112915039,-0.00012868309159128514,7.13492226600647
2000,6,6,3.7679902362823485,3.7690972328186034,-0.00029378965093792496,7.135209321975708
2000,6,9,3.7679902362823485,3.7684780979156494,-0.0001294752912582328,7.133778095245361
2000,6,12,3.7679902362823485,3.7682532119750975,-6.979203136377707e-05,7.137462615966797
2000,6,15,3.7679902362823485,3.7707886123657226,-0.0007426707363591971,7.136782169342041
2000,7,0,3.7679902362823485,3.768295783996582,-8.109036782828516e-05,7.13718581199646
2000,7,3,3.7679902362823485,3.8144717979431153,-0.012335902894118794,7.1357505321502686
2000,7,6,3.7679902362823485,3.7681339454650877,-3.81394785356434e-05,7.138814210891724
2000,7,9,3.7679902362823485,3.7684953784942627,-0.00013406144396292707,7.137035369873047
2000,7,12,3.7679902362823485,3.768073768615723,-2.2168935728650348e-05,7.137743949890137
2000,7,15,3.7679902362823485,3.768517465591431,-0.00013992321530071665,7.13696551322937
2000,8,0,3.7679902362823485,3.7694736766815184,-0.0003936953936041894,7.140088319778442
2000,8,3,3.7679902362823485,3.7694364166259766,-0.0003838068182084648,7.137265682220459
2000,8,6,3.7679902362823485,3.7762653636932373,-0.002196164770069398,7.132986307144165
2000,8,9,3.7679902362823485,3.7751868915557862,-0.0019099453082814313,7.137234926223755
2000,8,12,3.7679902362823485,3.769048824310303,-0.00028094234899047357,7.134390354156494
2000,8,15,3.7679902362823485,3.774776659011841,-0.0018010722703432527,7.1385157108306885
2000,9,0,3.7679902362823485,3.7681555938720703,-4.38848243632798e-05,7.136124134063721
2000,9,3,3.7679902362823485,3.7720819759368895,-0.0010859209812013981,7.135810136795044
2000,9,6,3.7679902362823485,3.7683061218261718,-8.383396028512268e-05,7.136294841766357
2000,9,9,3.7679902362823485,3.7702226066589355,-0.0005924565183559271,7.138695955276489
2000,9,12,3.7679902362823485,3.7720556926727293,-0.0010789455745490333,7.136959552764893
2000,9,15,3.7679902362823485,3.7698956394195555,-0.0005056815484444948,7.139892101287842
2000,10,0,3.7679902362823485,3.772387228012085,-0.0011669328883597769,7.13818359375
2000,10,3,3.7679902362823485,3.7686728954315187,-0.00018117327974919201,7.138090372085571
2000,10,6,3.7679902362823485,3.768014669418335,-6.484394718214935e-06,7.136888265609741
2000,10,9,3.7679902362823485,3.774751148223877,-0.0017943018738283622,7.1395790576934814
2000,10,12,3.7679902362823485,3.76796049118042,7.894155786880533e-06,7.137931823730469
2000,10,15,3.7679902362823485,3.768000297546387,-2.670193765756474e-06,7.133999824523926
2000,11,0,3.7679902362823485,3.767810401916504,4.772686619857023e-05,7.1375086307525635
2000,11,3,3.7679902362823485,3.768134231567383,-3.821540821625494e-05,7.134432077407837
2000,11,6,3.7679902362823485,3.7679386138916016,1.3700245358888315e-05,7.129822015762329
2000,11,9,3.7679902362823485,3.768076248168945,-2.2826992959909898e-05,7.132704734802246
2000,11,12,3.7679902362823485,3.7681067943573,-3.093375185238489e-05,7.1283118724823
2000,11,15,3.7679902362823485,3.7679568672180177,8.855931740350534e-06,7.137557506561279
2000,12,0,3.7679902362823485,3.768881483078003,-0.00023653107884209182,7.1320507526397705
2000,12,3,3.7679902362823485,3.7681227111816407,-3.51579730797921e-05,7.1309473514556885
2000,12,6,3.7679902362823485,3.7679378986358643,1.3890069560240383e-05,7.13125205039978
2000,12,9,3.7679902362823485,3.7679988670349123,-2.2905453630523376e-06,7.133529901504517
2000,12,12,3.7679902362823485,3.768865442276001,-0.0002322739547531452,7.136781930923462
2000,12,15,3.7679902362823485,3.76784779548645,3.7802856951893535e-05,7.131735801696777
2000,13,0,3.7679902362823485,3.770131731033325,-0.0005683387208267996,7.135035037994385
2000,13,3,3.7679902362823485,3.7678527069091796,3.649939743596624e-05,7.133581638336182
2000,13,6,3.7679902362823485,3.768164653778076,-4.6289264247072666e-05,7.138324975967407
2000,13,9,3.7679902362823485,3.768050765991211,-1.606418941313955e-05,7.135063648223877
2000,13,12,3.7679902362823485,3.7677598857879637,6.113351679278082e-05,7.137125730514526
2000,13,15,3.7679902362823485,3.7688299560546876,-0.0002228561433767407,7.138275384902954
2000,14,0,3.7679902362823485,3.768857231140137,-0.00023009477292165647,7.137912273406982
2000,14,3,3.7679902362823485,3.7677409744262693,6.615246867654836e-05,7.138992071151733
2000,14,6,3.7679902362823485,3.769351615905762,-0.00036130126089618244,7.136935234069824
2000,14,9,3.7679902362823485,3.7737273216247558,-0.0015225849810236464,7.13780665397644
2000,14,12,3.7679902362823485,3.76940016746521,-0.0003741865276838807,7.134927272796631
2000,14,15,3.7679902362823485,3.769124011993408,-0.00030089666903656523,7.133258104324341
2000,15,0,3.7679902362823485,3.767806415557861,4.8784819747481524e-05,7.1369829177856445
2000,15,3,3.7679902362823485,3.7697567081451417,-0.0004688100955739445,7.134778738021851
2000,15,6,3.7679902362823485,3.7793561172485353,-0.0030164305779626366,7.137018203735352
2000,15,9,3.7679902362823485,3.7683462142944335,-9.447423951825337e-05,7.1343982219696045
2000,15,12,3.7679902362823485,3.7679782581329344,3.178922625323445e-06,7.133640766143799
2000,15,15,3.7679902362823485,3.7694202136993407,-0.000379506667300446,7.1328041553497314
2000,16,0,3.7679902362823485,3.7708270740509033,-0.0007528782164132545,7.136670827865601
2000,16,3,3.7679902362823485,3.7692072105407717,-0.0003229770201378944,7.135815143585205
2000,16,6,3.7679902362823485,3.768361196517944,-9.845042378923193e-05,7.135936498641968
2000,16,9,3.7679902362823485,3.7679457473754883,1.180706532407507e-05,7.137938499450684
2000,16,12,3.7679902362823485,3.767889795303345,2.6656379848490664e-05,7.138211965560913
2000,16,15,3.7679902362823485,3.769112300872803,-0.0002977886141131459,7.137166976928711
2000,17,0,3.7679902362823485,3.767941312789917,1.298397537243432e-05,7.138397216796875
2000,17,3,3.7679902362823485,3.7678744792938232,3.072114874679043e-05,7.137444257736206
2000,17,6,3.7679902362823485,3.77637526512146,-0.0022253318913545376,7.137267351150513
2000,17,9,3.7679902362823485,3.7678373146057127,4.058441424909575e-05,7.1355626583099365
2000,17,12,3.7679902362823485,3.7678815269470216,2.8850747616101716e-05,7.136600017547607
2000,17,15,3.7679902362823485,3.768318758010864,-8.718752117567589e-05,7.143008470535278
2000,18,0,3.7679902362823485,3.7679880332946776,5.84658540178513e-07,7.137217998504639
2000,18,3,3.7679902362823485,3.767851085662842,3.692966562562688e-05,7.135057687759399
2000,18,6,3.7679902362823485,3.7677205276489256,7.157890984585202e-05,7.136470079421997
2000,18,9,3.7679902362823485,3.7686555862426756,-0.0001765795340763777,7.139291524887085
2000,18,12,3.7679902362823485,3.7698067092895506,-0.0004820800727430543,7.136667251586914
2000,18,15,3.7679902362823485,3.767812662124634,4.7127021722269414e-05,7.138077974319458
2000,19,0,3.7679902362823485,3.7678912925720214,2.625901452036943e-05,7.136086940765381
2000,19,3,3.7679902362823485,3.7685572338104247,-0.00015047744089582093,7.1363348960876465
2000,19,6,3.7679902362823485,3.7678560638427734,3.5608489184282487e-05,7.134030103683472
2000,19,9,3.7679902362823485,3.767737808227539,6.699275714115777e-05,7.135760068893433
2000,19,12,3.7679902362823485,3.7678980731964113,2.4459481091466968e-05,7.141458749771118
2000,19,15,3.7679902362823485,3.7678041744232176,4.937960224507491e-05,7.135095596313477
2000,20,0,3.7679902362823485,3.767987537384033,7.162699864539946e-07,7.1390087604522705
2000,20,3,3.7679902362823485,3.7688159561157226,-0.00021914065100890045,7.138390779495239
2000,20,6,3.7679902362823485,3.768022117614746,-8.461097401641949e-06,7.138483762741089
2000,20,9,3.7679902362823485,3.7680463123321535,-1.488221738607286e-05,7.136935472488403
2000,20,12,3.7679902362823485,3.7685438442230224,-0.00014692393184650076,7.140254735946655
2000,20,15,3.7679902362823485,3.7699633979797365,-0.0005236642277859847,7.138125896453857
2000,21,0,3.7679902362823485,3.7696863269805907,-0.00045013139416083027,7.139475345611572
2000,21,3,3.7679902362823485,3.767954149246216,9.577263705511966e-06,7.138302803039551
2000,21,6,3.7679902362823485,3.7673964214324953,0.00015759458295175823,7.139998912811279
2000,21,9,3.7679902362823485,3.76814884185791,-4.209288390249742e-05,7.136897802352905
2000,21,12,3.7679902362823485,3.7679100608825684,2.1278027476848733e-05,7.141418933868408
2000,21,15,3.7679902362823485,3.7685357666015626,-0.00014478018386596407,7.138840436935425
2000,22,0,3.7679902362823485,3.76822793006897,-6.308237859337588e-05,7.134962320327759
2000,22,3,3.7679902362823485,3.7683615016937257,-9.853141544855091e-05,7.138906240463257
2000,22,6,3.7679902362823485,3.768261594772339,-7.201677100363273e-05,7.1371355056762695
2000,22,9,3.7679902362823485,3.790160732269287,-0.0058839048396295635,7.136824369430542
2000,22,12,3.7679902362823485,3.770350227355957,-0.0006263262178557964,7.136952877044678
2000,22,15,3.7679902362823485,3.767978467941284,3.123240859541647e-06,7.133137464523315
2000,23,0,3.7679902362823485,3.768255939483643,-7.051589431835114e-05,7.136832237243652
2000,23,3,3.7679902362823485,3.7715055465698244,-0.0009329403918371661,7.139404773712158
2000,23,6,3.7679902362823485,3.7677457427978513,6.488697400086792e-05,7.138507127761841
2000,23,9,3.7679902362823485,3.780953607559204,-0.0034403940732197135,7.137472152709961
2000,23,12,3.7679902362823485,3.7679753875732422,3.940750420026507e-06,7.14109468460083
2000,23,15,3.7679902362823485,3.7699027347564695,-0.0005075646045218931,7.139259576797485
16000,0,0,2.8881991863250733,2.888674621582031,-0.00016461304303694971,7.02832818031311
16000,0,3,2.8881991863250733,2.8876575469970702,0.00018753530939543192,7.051108360290527
16000,0,6,2.8881991863250733,2.891006898880005,-0.0009721325898246809,7.06032395362854
16000,0,9,2.8881991863250733,2.8886560153961183,-0.00015817090220366902,7.058949708938599
16000,0,12,2.8881991863250733,2.8897533893585203,-0.0005381218306568937,7.062832355499268
16000,0,15,2.8881991863250733,2.8895768451690675,-0.00047699578703473575,7.083394289016724
16000,1,0,2.8881991863250733,2.893756151199341,-0.001924024111833553,7.084747552871704
16000,1,3,2.8881991863250733,2.8916979885101317,-0.0012114130499116423,7.09499716758728
16000,1,6,2.8881991863250733,2.8899796199798584,-0.0006164511309382709,7.1003429889678955
16000,1,9,2.8881991863250733,2.895290298461914,-0.0024552019024225774,7.098321437835693
16000,1,12,2.8881991863250733,2.888223943710327,-8.571910611667981e-06,7.105600118637085
16000,1,15,2.8881991863250733,2.9075639343261717,-0.006704782721630054,7.105828046798706
16000,2,0,2.8881991863250733,2.898249225616455,-0.0034796905071389573,7.107278108596802
16000,2,3,2.8881991863250733,2.892337417602539,-0.0014328067458294939,7.123459815979004
16000,2,6,2.8881991863250733,2.887928886413574,9.358769740639365e-05,7.124191999435425
16000,2,9,2.8881991863250733,2.890823278427124,-0.0009085564854651569,7.124553680419922
16000,2,12,2.8881991863250733,2.8890851593017577,-0.00030675618942046156,7.124215602874756
16000,2,15,2.8881991863250733,2.890856857299805,-0.0009201827170767495,7.123698711395264
16000,3,0,2.8881991863250733,2.8877187728881837,0.00016633667067156942,7.127027273178101
16000,3,3,2.8881991863250733,2.8914395713806154,-0.0011219396054415046,7.123398780822754
16000,3,6,2.8881991863250733,2.8886455631256105,-0.00015455194456485174,7.1223297119140625
16000,3,9,2.8881991863250733,2.888184013366699,5.253432119919514e-06,7.128779172897339
16000,3,12,2.8881991863250733,2.888326416015625,-4.4051563740429584e-05,7.129324197769165
16000,3,15,2.8881991863250733,2.8972975254058837,-0.003150177149792442,7.125617980957031
16000,4,0,2.8881991863250733,2.8878577709198,0.00011821047761870341,7.128146171569824
16000,4,3,2.8881991863250733,2.8899742126464845,-0.000614578914714558,7.127177476882935
16000,4,6,2.8881991863250733,2.892149257659912,-0.001367658904393172,7.128423452377319
16000,4,9,2.8881991863250733,2.8873526573181154,0.00029309924709003095,7.131854295730591
16000,4,12,2.8881991863250733,2.8884543323516847,-8.834086922377741e-05,7.126848936080933
16000,4,15,2.8881991863250733,2.9238376235961914,-0.012339328062918044,7.128059387207031
16000,5,0,2.8881991863250733,2.8916572380065917,-0.001197303737876321,7.127156019210815
16000,5,3,2.8881991863250733,2.891810121536255,-0.0012502375972815191,7.132765769958496
16000,5,6,2.8881991863250733,2.895051107406616,-0.002372385226747847,7.12682032585144
16000,5,9,2.8881991863250733,2.892370147705078,-0.001444139102231321,7.131557941436768
16000,5,12,2.8881991863250733,2.889358196258545,-0.0004012915518290309,7.130808591842651
16000,5,15,2.8881991863250733,2.888355255126953,-5.40367169337704e-05,7.1340954303741455
16000,6,0,2.8881991863250733,2.8894268703460693,-0.00042506902806728903,7.130667209625244
16000,6,3,2.8881991863250733,2.8898404121398924,-0.0005682522945750688,7.1320414543151855
16000,6,6,2.8881991863250733,2.8887356758117675,-0.00018575224632508264,7.12956428527832
16000,6,9,2.8881991863250733,2.888881874084473,-0.00023637142570770908,7.137652397155762
16000,6,12,2.8881991863250733,2.8886699199676515,-0.0001629851724933045,7.130631923675537
16000,6,15,2.8881991863250733,2.8896405124664306,-0.0004990397297324961,7.135401248931885
16000,7,0,2.8881991863250733,2.8900340366363526,-0.0006352921640470134,7.135162830352783
16000,7,3,2.8881991863250733,2.890328435897827,-0.0007372239362281886,7.131746768951416
16000,7,6,2.8881991863250733,2.8909769535064695,-0.000961764408268057,7.132607698440552
16000,7,9,2.8881991863250733,2.8890995883941653,-0.0003117520679858605,7.131394863128662
16000,7,12,2.8881991863250733,2.888784465789795,-0.0002026451179312013,7.130352020263672
16000,7,15,2.8881991863250733,2.8986223316192627,-0.003608873426576843,7.130981206893921
16000,8,0,2.8881991863250733,2.89007116317749,-0.0006481467279957869,7.127395391464233
16000,8,3,2.8881991863250733,2.8921968746185303,-0.001384145633855523,7.132725477218628
16000,8,6,2.8881991863250733,2.8900818634033203,-0.0006518515368195469,7.132101058959961
16000,8,9,2.8881991863250733,2.8931813526153562,-0.001725007857447047,7.132328748703003
16000,8,12,2.8881991863250733,2.8887091159820555,-0.00017655626363879243,7.127776384353638
16000,8,15,2.8881991863250733,2.8914291763305666,-0.0011183404596145973,7.131269931793213
16000,9,0,2.8881991863250733,2.8895147800445558,-0.0004555065750698362,7.123155832290649
16000,9,3,2.8881991863250733,2.8931256103515626,-0.0017057078506962642,7.128621578216553
16000,9,6,2.8881991863250733,2.8895987701416015,-0.0004845870129577116,7.133700609207153
16000,9,9,2.8881991863250733,2.8928142547607423,-0.0015979051782578505,7.131330966949463
16000,9,12,2.8881991863250733,2.8898220539093016,-0.000561896004926577,7.125474452972412
16000,9,15,2.8881991863250733,2.8919971561431885,-0.0013149958064172548,7.129279613494873
16000,10,0,2.8881991863250733,2.8921713542938234,-0.0013753095657520313,7.131474733352661
16000,10,3,2.8881991863250733,2.8910105514526365,-0.0009733972438169529,7.1331446170806885
16000,10,6,2.8881991863250733,2.891224775314331,-0.0010475693655698332,7.128166198730469
16000,10,9,2.8881991863250733,2.8893724060058594,-0.00040621148511536516,7.125892400741577
16000,10,12,2.8881991863250733,2.890464382171631,-0.0007842934993136054,7.13347864151001
16000,10,15,2.8881991863250733,2.889268674850464,-0.0003702959721248943,7.130452871322632
16000,11,0,2.8881991863250733,2.8892271423339846,-0.0003559158986604459,7.132890224456787
16000,11,3,2.8881991863250733,2.8892218589782717,-0.0003540866080291274,7.130213260650635
16000,11,6,2.8881991863250733,2.889636173248291,-0.0004975373339974596,7.132126569747925
16000,11,9,2.8881991863250733,2.8880983638763427,3.49084125527194e-05,7.132156610488892
16000,11,12,2.8881991863250733,2.8886959075927736,-0.00017198303706064994,7.133119106292725
16000,11,15,2.8881991863250733,2.889085445404053,-0.00030685524848001085,7.13135838508606
16000,12,0,2.8881991863250733,2.8905284214019775,-0.0008064662187887029,7.130557060241699
16000,12,3,2.8881991863250733,2.8890110874176025,-0.0002811097989270652,7.131916046142578
16000,12,6,2.8881991863250733,2.8900703144073487,-0.0006478528527861751,7.1370790004730225
16000,12,9,2.8881991863250733,2.8893242931365966,-0.00038955305328328247,7.132396697998047
16000,12,12,2.8881991863250733,2.8934643936157225,-0.0018230069849678831,7.132544755935669
16000,12,15,2.8881991863250733,2.8888363361358644,-0.000220604525410801,7.132786273956299
16000,13,0,2.8881991863250733,2.890352907180786,-0.0007456967877804611,7.134681224822998
16000,13,3,2.8881991863250733,2.888496150970459,-0.00010282000174777506,7.130442380905151
16000,13,6,2.8881991863250733,2.8886601066589357,-0.00015958744675391662,7.130173206329346
16000,13,9,2.8881991863250733,2.8898451423645017,-0.0005698900710247457,7.132058620452881
16000,13,12,2.8881991863250733,2.8892040729522703,-0.0003479284364994267,7.131608963012695
16000,13,15,2.8881991863250733,2.8889512157440187,-0.00026038003975142844,7.12773871421814
16000,14,0,2.8881991863250733,2.88982871055603,-0.0005642007790432707,7.128723621368408
16000,14,3,2.8881991863250733,2.8889313888549806,-0.00025351524693104506,7.125813245773315
16000,14,6,2.8881991863250733,2.891134672164917,-0.0010163723657781773,7.128209590911865
16000,14,9,2.8881991863250733,2.895467367172241,-0.002516509554320499,7.130899667739868
16000,14,12,2.8881991863250733,2.8933184146881104,-0.0017724637508643214,7.127834796905518
16000,14,15,2.8881991863250733,2.893300790786743,-0.0017663617128017754,7.130890846252441
16000,15,0,2.8881991863250733,2.892787046432495,-0.0015884846617034024,7.1312267780303955
16000,15,3,2.8881991863250733,2.8901947593688964,-0.0006909402416812476,7.125820875167847
16000,15,6,2.8881991863250733,2.8987807846069336,-0.0036637356356727553,7.126299619674683
16000,15,9,2.8881991863250733,2.8895490169525146,-0.00046736064251816145,7.124055624008179
16000,15,12,2.8881991863250733,2.888473253250122,-9.489197502248541e-05,7.122783660888672
16000,15,15,2.8881991863250733,2.889407033920288,-0.0004182009332783309,7.128920793533325
16000,16,0,2.8881991863250733,2.890024309158325,-0.0006319241560254135,7.126146078109741
16000,16,3,2.8881991863250733,2.8910571002960204,-0.0009895141527906275,7.128427505493164
16000,16,6,2.8881991863250733,2.8915299224853515,-0.0011532224564179498,7.12905478477478
16000,16,9,2.8881991863250733,2.88849365234375,-0.00010195488596181356,7.132344961166382
16000,16,12,2.8881991863250733,2.8889417457580566,-0.0002571011848833459,7.131747722625732
16000,16,15,2.8881991863250733,2.8912890720367432,-0.0010698312381984482,7.127164602279663
16000,17,0,2.8881991863250733,2.888873405456543,-0.0002334392775476646,7.128645896911621
16000,17,3,2.8881991863250733,2.8885252857208252,-0.00011290751596908615,7.130061388015747
16000,17,6,2.8881991863250733,2.898365230560303,-0.0035198556537801707,7.130505323410034
16000,17,9,2.8881991863250733,2.8882024765014647,-1.1391791836634055e-06,7.130353212356567
16000,17,12,2.8881991863250733,2.88828688621521,-3.036490369221107e-05,7.12700080871582
16000,17,15,2.8881991863250733,2.889356451034546,-0.0004006872915663185,7.124778985977173
16000,18,0,2.8881991863250733,2.8889992904663084,-0.00027702526370875077,7.129889488220215
16000,18,3,2.8881991863250733,2.8886191844940186,-0.00014541869928286585,7.1304771900177
16000,18,6,2.8881991863250733,2.88869047164917,-0.0001701009149309052,7.132756948471069
16000,18,9,2.8881991863250733,2.8901362514495847,-0.0006706826640222576,7.130543947219849
16000,18,12,2.8881991863250733,2.907269630432129,-0.006602883969135395,7.130465030670166
16000,18,15,2.8881991863250733,2.8887668895721434,-0.00019655958971183672,7.133214235305786
16000,19,0,2.8881991863250733,2.8882972145080568,-3.394093573863388e-05,7.129711389541626
16000,19,3,2.8881991863250733,2.8912328243255616,-0.0010503562271092055,7.129968166351318
16000,19,6,2.8881991863250733,2.8886269187927245,-0.00014809659585681074,7.129636764526367
16000,19,9,2.8881991863250733,2.8886176109313966,-0.00014487387445588304,7.127345323562622
16000,19,12,2.8881991863250733,2.889200086593628,-0.00034654821360442404,7.129140853881836
16000,19,15,2.8881991863250733,2.888284273147583,-2.946016428242987e-05,7.1322362422943115
16000,20,0,2.8881991863250733,2.888749151229858,-0.0001904179280254711,7.127373933792114
16000,20,3,2.8881991863250733,2.8910212993621824,-0.0009771185624838942,7.129762411117554
16000,20,6,2.8881991863250733,2.8889001750946046,-0.00024270790354429095,7.127586364746094
16000,20,9,2.8881991863250733,2.888279371261597,-2.776295239717707e-05,7.1286633014678955
16000,20,12,2.8881991863250733,2.889731149673462,-0.0005304216397684905,7.126333713531494
16000,20,15,2.8881991863250733,2.889046239852905,-0.00029328085536564066,7.122601747512817
16000,21,0,2.8881991863250733,2.8906126976013184,-0.0008356457157361276,7.127535581588745
16000,21,3,2.8881991863250733,2.888003959655762,6.759460020480551e-05,7.130558967590332
16000,21,6,2.8881991863250733,2.89058988571167,-0.0008277474067287796,7.130038022994995
16000,21,9,2.8881991863250733,2.89214542388916,-0.001366331512996442,7.13145899772644
16000,21,12,2.8881991863250733,2.8886971950531004,-0.00017242880282808352,7.1333558559417725
16000,21,15,2.8881991863250733,2.8893493175506593,-0.0003982174190171964,7.131962060928345
16000,22,0,2.8881991863250733,2.8908669471740724,-0.0009236761999069582,7.1324849128723145
16000,22,3,2.8881991863250733,2.8889996337890627,-0.0002771441345802099,7.128833532333374
16000,22,6,2.8881991863250733,2.889490022659302,-0.00044693466445816824,7.1318066120147705
16000,22,9,2.8881991863250733,2.9009487342834475,-0.004414358960677008,7.129850149154663
16000,22,12,2.8881991863250733,2.8926855659484865,-0.001553348413314104,7.13293981552124
16000,22,15,2.8881991863250733,2.8887562084198,-0.0001928613848255338,7.12504243850708
16000,23,0,2.8881991863250733,2.8886673927307127,-0.00016211015080131122,7.125067472457886
16000,23,3,2.8881991863250733,2.8897102546691893,-0.0005231870264594306,7.128880977630615
16000,23,6,2.8881991863250733,2.888451566696167,-8.73832983157237e-05,7.127877712249756
16000,23,9,2.8881991863250733,2.8957283973693846,-0.0026068877382004175,7.125903129577637
16000,23,12,2.8881991863250733,2.8882620334625244,-2.1759973394026664e-05,7.123247146606445
16000,23,15,2.8881991863250733,2.888445339202881,-8.522711278812326e-05,7.1255042552948
64000,0,0,2.6683832931518556,2.668751668930054,-0.00013805204789868843,7.0305140018463135
64000,0,3,2.6683832931518556,2.668630151748657,-9.251242032392459e-05,7.047938108444214
64000,0,6,2.6683832931518556,2.6772083568573,-0.003307269884387673,7.055818557739258
64000,0,9,2.6683832931518556,2.6684929370880126,-4.109002497443613e-05,7.067860841751099
64000,0,12,2.6683832931518556,2.669773178100586,-0.0005208715525604525,7.070106506347656
64000,0,15,2.6683832931518556,2.67280725479126,-0.0016579183548172545,7.0586676597595215
64000,1,0,2.6683832931518556,2.6728792858123778,-0.0016849126105910894,7.076202869415283
64000,1,3,2.6683832931518556,2.6702843475341798,-0.0007124367729340083,7.079655647277832
64000,1,6,2.6683832931518556,2.671311264038086,-0.0010972827231172347,7.089281797409058
64000,1,9,2.6683832931518556,2.675185146331787,-0.0025490540273534605,7.087247133255005
64000,1,12,2.6683832931518556,2.6684263801574706,-1.6147232567948067e-05,7.089389085769653
64000,1,15,2.6683832931518556,2.683491506576538,-0.005661935248753897,7.097621202468872
64000,2,0,2.6683832931518556,2.681218776702881,-0.004810209831535966,7.105396509170532
64000,2,3,2.6683832931518556,2.671540756225586,-0.0011832869295178268,7.109558820724487
64000,2,6,2.6683832931518556,2.670189170837402,-0.0006767684725733098,7.108518362045288
64000,2,9,2.6683832931518556,2.681091241836548,-0.0047624150238483685,7.110337018966675
64000,2,12,2.6683832931518556,2.6688280868530274,-0.0001666903335488967,7.112561941146851
64000,2,15,2.6683832931518556,2.6707781982421874,-0.0008975116492739592,7.114959716796875
64000,3,0,2.6683832931518556,2.67068922996521,-0.0008641700085861677,7.114590167999268
64000,3,3,2.6683832931518556,2.6721822452545165,-0.00142369055915263,7.11386251449585
64000,3,6,2.6683832931518556,2.6695540523529053,-0.0004387522602372519,7.1192545890808105
64000,3,9,2.6683832931518556,2.668737087249756,-0.00013258743554883992,7.118094444274902
64000,3,12,2.6683832931518556,2.668822145462036,-0.00016446374525985996,7.1161112785339355
64000,3,15,2.6683832931518556,2.6759507179260256,-0.0028359586846428675,7.112873077392578
64000,4,0,2.6683832931518556,2.6686525535583496,-0.00010090769462731571,7.118113040924072
64000,4,3,2.6683832931518556,2.670616874694824,-0.0008370542375604903,7.117160797119141
64000,4,6,2.6683832931518556,2.6722435760498047,-0.0014466748116194847,7.117305755615234
64000,4,9,2.6683832931518556,2.669303331375122,-0.0003447923788264496,7.112585067749023
64000,4,12,2.6683832931518556,2.6693711471557617,-0.0003702069363278276,7.116300106048584
64000,4,15,2.6683832931518556,2.6945057582855223,-0.009789622503149163,7.115755081176758
64000,5,0,2.6683832931518556,2.6718805122375486,-0.001310613469462305,7.11884617805481
64000,5,3,2.6683832931518556,2.672871913909912,-0.0016821499256032461,7.124327659606934
64000,5,6,2.6683832931518556,2.675138683319092,-0.0025316416065763155,7.1166486740112305
64000,5,9,2.6683832931518556,2.671404228210449,-0.0011321218605836725,7.119802951812744
64000,5,12,2.6683832931518556,2.6702967166900633,-0.0007170722223895961,7.121516942977905
64000,5,15,2.6683832931518556,2.669710788726807,-0.0004974905885365275,7.118974208831787
64000,6,0,2.6683832931518556,2.67048716545105,-0.0007884445628907804,7.121637582778931
64000,6,3,2.6683832931518556,2.6724667930603028,-0.0015303273405012855,7.118943929672241
64000,6,6,2.6683832931518556,2.6693978786468504,-0.00038022479663945354,7.117449522018433
64000,6,9,2.6683832931518556,2.6697294330596923,-0.0005044777155109068,7.124070405960083
64000,6,12,2.6683832931518556,2.668979320526123,-0.0002233664765467563,7.120893478393555
64000,6,15,2.6683832931518556,2.6701988124847413,-0.000680381764323386,7.118127107620239
64000,7,0,2.6683832931518556,2.6710124397277832,-0.0009852956967145827,7.119260787963867
64000,7,3,2.6683832931518556,2.6702801418304443,-0.0007108606486394637,7.12008810043335
64000,7,6,2.6683832931518556,2.6719390201568602,-0.0013325398244435278,7.118643522262573
64000,7,9,2.6683832931518556,2.669048099517822,-0.0002491420058252508,7.121980905532837
64000,7,12,2.6683832931518556,2.6701674938201903,-0.0006686448205974006,7.122012138366699
64000,7,15,2.6683832931518556,2.680755672454834,-0.004636657460242278,7.119917631149292
64000,8,0,2.6683832931518556,2.6702224826812744,-0.0006892523776995793,7.122344255447388
64000,8,3,2.6683832931518556,2.6741333389282227,-0.0021548799946109662,7.12305474281311
64000,8,6,2.6683832931518556,2.6700639438629152,-0.0006298385675599271,7.12319278717041
64000,8,9,2.6683832931518556,2.673542537689209,-0.0019334720580038434,7.119269847869873
64000,8,12,2.6683832931518556,2.6702922630310058,-0.0007154031746673382,7.121066093444824
64000,8,15,2.6683832931518556,2.6724431991577147,-0.001521485318948889,7.128171443939209
64000,9,0,2.6683832931518556,2.6712185287475587,-0.0010625293611226858,7.122273921966553
64000,9,3,2.6683832931518556,2.671821126937866,-0.0012883583085058405,7.119755029678345
64000,9,6,2.6683832931518556,2.673038291931152,-0.0017445015456524315,7.123888254165649
64000,9,9,2.6683832931518556,2.674794149398804,-0.002402524503657737,7.122881650924683
64000,9,12,2.6683832931518556,2.6699485683441164,-0.000586600581812186,7.122897386550903
64000,9,15,2.6683832931518556,2.6732180309295654,-0.0018118603088685572,7.120934009552002
64000,10,0,2.6683832931518556,2.6720013427734375,-0.0013558957706215683,7.121608018875122
64000,10,3,2.6683832931518556,2.6732459926605223,-0.0018223392123411701,7.125216960906982
64000,10,6,2.6683832931518556,2.6711760425567626,-0.0010466072891680302,7.12480616569519
64000,10,9,2.6683832931518556,2.669728088378906,-0.0005039737846139755,7.1194469928741455
64000,10,12,2.6683832931518556,2.6732429885864257,-0.0018212134092737095,7.121233940124512
64000,10,15,2.6683832931518556,2.6736910438537596,-0.0019891260432958586,7.122427463531494
64000,11,0,2.6683832931518556,2.6697284984588623,-0.0005041274656676933,7.119685173034668
64000,11,3,2.6683832931518556,2.670052795410156,-0.0006256605872870813,7.119913816452026
64000,11,6,2.6683832931518556,2.670306987762451,-0.0007209213966870342,7.1242594718933105
64000,11,9,2.6683832931518556,2.669549903869629,-0.00043719757981067946,7.124942779541016
64000,11,12,2.6683832931518556,2.670504484176636,-0.0007949349069243855,7.123732089996338
64000,11,15,2.6683832931518556,2.6735783672332762,-0.0019468994933198925,7.125389099121094
64000,12,0,2.6683832931518556,2.6743917083740234,-0.0022517062063713944,7.127421140670776
64000,12,3,2.6683832931518556,2.670181007385254,-0.0006737091474122666,7.121948003768921
64000,12,6,2.6683832931518556,2.6729180431365966,-0.0016994372571508026,7.123304128646851
64000,12,9,2.6683832931518556,2.671156921386719,-0.0010394414632940486,7.121598482131958
64000,12,12,2.6683832931518556,2.6756442070007322,-0.0027210910319784417,7.121122360229492
64000,12,15,2.6683832931518556,2.668970766067505,-0.00022016061828781966,7.124356508255005
64000,13,0,2.6683832931518556,2.671490201950073,-0.0011643412721819154,7.1231467723846436
64000,13,3,2.6683832931518556,2.670046577453613,-0.0006233303536362619,7.1280882358551025
64000,13,6,2.6683832931518556,2.6693584060668947,-0.0003654321017305035,7.12489914894104
64000,13,9,2.6683832931518556,2.6727061557769773,-0.00162003061412351,7.125972270965576
64000,13,12,2.6683832931518556,2.6713244247436525,-0.001102214812746355,7.121219873428345
64000,13,15,2.6683832931518556,2.6688679122924803,-0.00018161526564359234,7.123802185058594
64000,14,0,2.6683832931518556,2.6695303249359132,-0.00042986020299308643,7.124738454818726
64000,14,3,2.6683832931518556,2.6694465351104735,-0.00039845923235486846,7.1204516887664795
64000,14,6,2.6683832931518556,2.6716451263427734,-0.001222400544662736,7.120975971221924
64000,14,9,2.6683832931518556,2.674910488128662,-0.002446123461182595,7.122429609298706
64000,14,12,2.6683832931518556,2.672894515991211,-0.0016906202534444567,7.1283204555511475
64000,14,15,2.6683832931518556,2.6755602073669436,-0.0026896114338246582,7.124289512634277
64000,15,0,2.6683832931518556,2.672705955505371,-0.0016199555605856905,7.124126195907593
64000,15,3,2.6683832931518556,2.6698645877838136,-0.000555128131614227,7.123509168624878
64000,15,6,2.6683832931518556,2.6798906040191652,-0.004312465490562016,7.125579833984375
64000,15,9,2.6683832931518556,2.6695124340057372,-0.0004231554202799255,7.1234869956970215
64000,15,12,2.6683832931518556,2.6695493125915526,-0.0004369759931751328,7.125728130340576
64000,15,15,2.6683832931518556,2.6699874877929686,-0.000601185985997571,7.123353004455566
64000,16,0,2.6683832931518556,2.670575656890869,-0.0008216075046789696,7.12408709526062
64000,16,3,2.6683832931518556,2.6706494426727296,-0.0008492593724034536,7.120638370513916
64000,16,6,2.6683832931518556,2.6737817478179933,-0.0020231181479783084,7.120877027511597
64000,16,9,2.6683832931518556,2.6689566707611085,-0.00021487827881565193,7.122105360031128
64000,16,12,2.6683832931518556,2.6692675304412843,-0.0003313756654443033,7.127546787261963
64000,16,15,2.6683832931518556,2.6730620098114013,-0.0017533900289186848,7.123945236206055
64000,17,0,2.6683832931518556,2.669422779083252,-0.0003895564531768001,7.126236438751221
64000,17,3,2.6683832931518556,2.669383096694946,-0.0003746851307517854,7.123893737792969
64000,17,6,2.6683832931518556,2.679085521697998,-0.004010753842451511,7.123986721038818
64000,17,9,2.6683832931518556,2.6683300590515135,1.994994515169586e-05,7.1239283084869385
64000,17,12,2.6683832931518556,2.668784666061401,-0.00015041801175102738,7.124411344528198
64000,17,15,2.6683832931518556,2.66985897064209,-0.0005530230585768665,7.120974540710449
64000,18,0,2.6683832931518556,2.6698132514953614,-0.0005358894080830278,7.1224684715271
64000,18,3,2.6683832931518556,2.669203815460205,-0.0003074979184794377,7.122386455535889
64000,18,6,2.6683832931518556,2.6692303085327147,-0.00031742642934126257,7.12647819519043
64000,18,9,2.6683832931518556,2.67101921081543,-0.000987833221088967,7.126224994659424
64000,18,12,2.6683832931518556,2.6910996055603027,-0.008513136949532799,7.126272678375244
64000,18,15,2.6683832931518556,2.6692345333099365,-0.00031900970159179793,7.125153303146362
64000,19,0,2.6683832931518556,2.6690616607666016,-0.00025422420253001055,7.124260663986206
64000,19,3,2.6683832931518556,2.6717206954956056,-0.0012507207462717721,7.124905109405518
64000,19,6,2.6683832931518556,2.6694626808166504,-0.0004045099770954588,7.123485565185547
64000,19,9,2.6683832931518556,2.6692473602294924,-0.00032381670199116365,7.119524955749512
64000,19,12,2.6683832931518556,2.669970359802246,-0.0005947671215238733,7.121786832809448
64000,19,15,2.6683832931518556,2.6682891750335695,3.52715888034618e-05,7.124340772628784
64000,20,0,2.6683832931518556,2.6692678260803224,-0.00033148645876207664,7.125096559524536
64000,20,3,2.6683832931518556,2.6690108489990236,-0.0002351820477884736,7.126129388809204
64000,20,6,2.6683832931518556,2.668992681503296,-0.00022837361971353,7.126284122467041
64000,20,9,2.6683832931518556,2.6691447830200197,-0.0002853749947087189,7.124709844589233
64000,20,12,2.6683832931518556,2.6691788387298585,-0.00029813767011829454,7.126194715499878
64000,20,15,2.6683832931518556,2.6686716365814207,-0.00010805922458931578,7.123183488845825
64000,21,0,2.6683832931518556,2.6693421268463133,-0.0003593313212979779,7.11748194694519
64000,21,3,2.6683832931518556,2.668773012161255,-0.00014605061064484285,7.118471384048462
64000,21,6,2.6683832931518556,2.673491859436035,-0.0019144799389540753,7.12057089805603
64000,21,9,2.6683832931518556,2.6738331604003904,-0.0020423854633333043,7.123593807220459
64000,21,12,2.6683832931518556,2.669517660140991,-0.0004251139602195589,7.122073411941528
64000,21,15,2.6683832931518556,2.669226884841919,-0.00031614337124217205,7.125353097915649
64000,22,0,2.6683832931518556,2.6716514205932618,-0.0012247593701375183,7.120925188064575
64000,22,3,2.6683832931518556,2.668517999649048,-5.0482439137620834e-05,7.127447843551636
64000,22,6,2.6683832931518556,2.668779420852661,-0.0001484523238554032,7.1240785121917725
64000,22,9,2.6683832931518556,2.6776756858825683,-0.0034824055279317296,7.1267430782318115
64000,22,12,2.6683832931518556,2.6722588634490965,-0.001452403898340658,7.126210927963257
64000,22,15,2.6683832931518556,2.66861083984375,-8.527511489003558e-05,7.125385761260986
64000,23,0,2.6683832931518556,2.6684171390533447,-1.2684047893677448e-05,7.125152349472046
64000,23,3,2.6683832931518556,2.6688422107696534,-0.00017198339495513374,7.123733043670654
64000,23,6,2.6683832931518556,2.6686880207061767,-0.0001141993187797072,7.12639307975769
64000,23,9,2.6683832931518556,2.6730451869964598,-0.0017470855317406728,7.121305704116821
64000,23,12,2.6683832931518556,2.6684773540496827,-3.5250144935489564e-05,7.127389192581177
64000,23,15,2.6683832931518556,2.668755235671997,-0.00013938871566762632,7.1231162548065186
